,title,artist,albums,showname,date
0,Pickup,"Tessellated, David Lyn, ANH",,Nonlinear,2022-02-10
1,Dangerous (feat. Ayra Starr),"Cheque, Ayra Starr",Bravo,Nonlinear,2022-02-10
2,Space,Whoisakin,Full Moon Weekends,Nonlinear,2022-02-10
3,Flava,"Boybreed, Ghetto Boy",Genie in a Kettle,Nonlinear,2022-02-10
4,"Will The Wolf, Preedy, Mical Teja",Fake Love,,Nonlinear,2022-02-10
5,Active Mode,Maestro Don,,Nonlinear,2022-02-10
6,Gbege,Ivory Blue,,Nonlinear,2022-02-10
7,Take Me,Efosa,Dedicated,Nonlinear,2022-02-10
8,OMG,Badthesoundboy,,Nonlinear,2022-02-10
9,Benzo,"Tony Ross, J Tari",Beatsography II,Nonlinear,2022-02-10
10,Unda Pressure,"Projexx, Toian",,Nonlinear,2022-02-10
11,Alcy,"July Drama, Bella Alubo",Four Letter Word,Nonlinear,2022-02-10
12,Allez,Teddyson John,,Nonlinear,2022-02-10
13,Bad!,Nailah Blackman,,Nonlinear,2022-02-10
14,Who Helps the People?,Kxng Izem,,Nonlinear,2022-02-10
15,Meant For You,Herman Suede,Bittersweet,Nonlinear,2022-02-10
16,Chances,"Kekay, Oscarr",,Nonlinear,2022-02-10
17,Final,Bace God,,Nonlinear,2022-02-10
18,Olisa,"Aguero Banks, Peruzzi",,Nonlinear,2022-02-10
19,Don't Loud It,Toni Tones,Tins I Love,Nonlinear,2022-02-10
20,Pretend,"Jimmy October, Kaz Fuego, London Future",,Nonlinear,2022-02-10
21,Pretend,"Jimmy October, Kaz Fuego, London Future",,Nonlinear,2022-02-10
22,Catching Feelings Might Hurt You,Complex Ricki,,Nonlinear,2022-02-10
23,Nyinya,Bosom P-Yung,,Nonlinear,2022-02-10
24,She A Seh,"K3mistry, Tadlah, Twinzel",,Nonlinear,2022-02-10
25,Jaiye (Enjoy Life),K.O.F.I,Keep Your Head Above Water,Nonlinear,2022-02-10
26,Due Time,Ugoccie,,Nonlinear,2022-02-10
27,Spend the Night,Drastic,,Nonlinear,2022-02-10
28,Tomorrow,Makthaverskan,,Venice Lockjaw,2022-02-10
29,X-Ray,MOD CON,,Venice Lockjaw,2022-02-10
30,Esfera,Xenia,,Venice Lockjaw,2022-02-10
31,I Feel It Too,Polar Klub,,Venice Lockjaw,2022-02-10
32,Sincere Apologies,GENTLE,,Venice Lockjaw,2022-02-10
33,Birds,BAMBARA,,Venice Lockjaw,2022-02-10
34,Matar el Tiempo,VVV,,Venice Lockjaw,2022-02-10
35,Anticuerpo,Dolorio & Los Tunantes,,Venice Lockjaw,2022-02-10
36,Corpse at UMass Dartmouth,Them Airs,,Venice Lockjaw,2022-02-10
37,Romantic,Soumbalgwang,,Venice Lockjaw,2022-02-10
38,8+2+8 II,Re-Tros,,Venice Lockjaw,2022-02-10
39,Lova,Makthaverskan,,Venice Lockjaw,2022-02-10
40,Nostalgia,Pascal Schumacher,Nostalgia,Classy and Sassy,2022-02-10
41,"Metamorphoses, Book 1: No. 1, Black Prince (Paul Klee, 1927)","George Crumb, Marcantonio Barone","George Crumb: Metamorphoses, Books 1 & 2",Classy and Sassy,2022-02-10
42,"Metamorphoses, Book 2: No. 7, Guernica (Pablo Picasso, 1937)","George Crumb, Marcantonio Barone",George Crumb: Metamorphoses Books 1 & 2,Classy and Sassy,2022-02-10
43,Black Angels: III. Return,"George Crumb, Kronos Quartet",Black Angels,Classy and Sassy,2022-02-10
44,Vox Balaenae: Sea-Nocturne (...For the End of Time),"George Crumb, Jan Krzeszoweic, Marcin Misiak, Malgorzata Zarebinska",Crumb: 3 Early Songs,Classy and Sassy,2022-02-10
45,"Music for a Summer Evening ""Makrokosmos III"": III. The Advent",George Crumb,Crumb: Black Angels & Music for a Summer Evening,Classy and Sassy,2022-02-10
46,Myth,George Crumb,Ancient Voices of Children,Classy and Sassy,2022-02-10
47,Viderunt Omnes,"Pérotin, The Hilliard Ensemble",Perotin,Classy and Sassy,2022-02-10
48,Middleground,"Shelly Washington, PUBLIQuartet",Freedom and Faith,Classy and Sassy,2022-02-10
49,Raze Del,"Bahador Yeganeh, Homayoun Khorram, Alireza Ghorbani",Rosvaye Zamaneh,Classy and Sassy,2022-02-10
50,Serenade (version for piano trio),"Judith Lang Zaimont, Awadagin Pratt, Melissa White, Paul Wiancko",Navona,Classy and Sassy,2022-02-10
51,Cut the Carpets,Moon Sand Land,We Buy Smiles,The New Afternoon Show,2022-02-10
52,Backyard,Tetchy,Backyard,The New Afternoon Show,2022-02-10
53,HUNGAHUNGA,Pons,The Pons Estate,The New Afternoon Show,2022-02-10
54,Track Five - Audiotree Live Version,Water From Your Eyes,Water From Your Eyes on Audiotree Live,The New Afternoon Show,2022-02-10
55,Psycho Kids,These Eyes Are Heavy,Different Shapes,The New Afternoon Show,2022-02-10
56,Seems Like Forever,Scarlet Rae,Seems Like Forever,The New Afternoon Show,2022-02-10
57,Flipside,Sleepwalk,Underneath The Shade,The New Afternoon Show,2022-02-10
58,Florist,Ilithios,Florist,The New Afternoon Show,2022-02-10
59,Yo Me Lo Merezco,Combo Chimbita,IRE,The New Afternoon Show,2022-02-10
60,Worst Thing,Joyer,Perfect Gray,The New Afternoon Show,2022-02-10
61,La Deidad,Joudy,Re#Plantado,The New Afternoon Show,2022-02-10
62,Life Support,Open Head,Joy and Other Sufferings,The New Afternoon Show,2022-02-10
63,Across That Fine Line,Nation of Language,A Way Forward,The New Afternoon Show,2022-02-10
64,Anyone But You,A Place To Bury Strangers,See Through You,The New Afternoon Show,2022-02-10
65,To the Quick,Scam Avenue,Scam Avenue,The New Afternoon Show,2022-02-10
66,Flowers are Dead,yeule,Glitch Princess,The New Afternoon Show,2022-02-10
67,Lost But Never Alone,Oneohtrix Point Never,Magic Oneohtrix Point Never,The New Afternoon Show,2022-02-10
68,Bad News,Tommy Revenge,Loser,The New Afternoon Show,2022-02-10
69,(I'm After) Your Best Interest,EXEK,Advertise Here,The New Afternoon Show,2022-02-10
70,Out the Window,Spooky Diamonds,Skeletons in the Flesh,The New Afternoon Show,2022-02-10
71,Car Keys,Animal Collective,Time Skiffs,The New Afternoon Show,2022-02-10
72,Glossless,Mythless,We EP,The New Afternoon Show,2022-02-10
73,Master Plan,Sword II,Between II Gardens,The New Afternoon Show,2022-02-10
74,bckwards 36,crush,bckwards 36,The New Afternoon Show,2022-02-10
75,bckwards 36,crush,bckwards 36,The New Afternoon Show,2022-02-10
76,midnight sun,Nil√ºfer Yanya,midnight sun,The New Afternoon Show,2022-02-10
77,Push You Aside,Star Party,Push You Aside,The New Afternoon Show,2022-02-10
78,Hope,Hovvdy,True Love,The New Afternoon Show,2022-02-10
79,Long Long Silk Bridge,Susumu Yokota,Symbol,The New Afternoon Show,2022-02-10
80,Good Boy,Thank,Thoughtless Cruelty,The New Afternoon Show,2022-02-10
81,Tahoultine,Mdou Moctar,"Music from Saharan Cellphones, Vol. 1",The New Afternoon Show,2022-02-10
82,Camel,Flying Lotus,Los Angeles,The New Afternoon Show,2022-02-10
83,Book - Audiotree Live Version,Gustaf,Gustaf on Audiotree Live,The New Afternoon Show,2022-02-10
84,Service Loser,BRNDA,Do You Like Salt?,The New Afternoon Show,2022-02-10
85,Am I Okay?,Pinch Points,Am I Okay?,The New Afternoon Show,2022-02-10
86,After Work on Monday Afternoon,Nate Scheible,Fairfax,The New Afternoon Show,2022-02-10
87,Garden of Our Neighbor,GOON,Garden of Our Neighbor,The New Afternoon Show,2022-02-10
88,Tokoyo No Kuni,Golden Bug,Tokoyo No Kuni,The New Afternoon Show,2022-02-10
89,Queen City & Kalamazoo,Rat Dreams,Six Postcards,The New Afternoon Show,2022-02-10
90,Tripping at a Party,Los Bitchos,Let the Festivities Begin!,The New Afternoon Show,2022-02-10
91,Final Weapon,Dummy,Mandatory Enjoyment,The New Afternoon Show,2022-02-10
92,Little Sister Song,Kid Sistr,Kid Sistr,The Sound Between,2022-02-10
93,renaissance girl,alybob,renaissance girl,The Sound Between,2022-02-10
94,Gotta Have You,Samia,The Wild Honey Pie Buzzsession,The Sound Between,2022-02-10
95,Real Life,Beauty Queen,Real Life,The Sound Between,2022-02-10
96,Gemini,Sucre,Gemini,The Sound Between,2022-02-10
97,There's Nothing Left for You,Mitski,Laurel Hell,The Sound Between,2022-02-10
98,The Girls Are Fighting - Edit,Bloc Party,The Girls Are Fighting - Edit,The Sound Between,2022-02-10
99,Father's Daughter,Dia Jane,Father's Daughter,The Sound Between,2022-02-10
100,All I Do,Ally Hills,Love and Other Figments of My Imagination,The Sound Between,2022-02-10
101,Andrew,Ryann,Andrew,The Sound Between,2022-02-10
102,My Mind,Suki Waterhouse,My Mind,The Sound Between,2022-02-10
103,"Living Room, NY",Laura Stevenson,The Big Freeze,The Sound Between,2022-02-10
104,July for the Whole Year,Devon Cole,Party For One,The Sound Between,2022-02-10
105,Hate How You Love Me,Soph Retief,Hate How You Love Me,The Sound Between,2022-02-10
106,Keep Me Safe,Keep Me Safe,My How You've Grown,The Sound Between,2022-02-10
107,In The Eyes Of Our Love,Yumi Zouma,In The Eyes Of Our Love,The Sound Between,2022-02-10
108,Things will be fine,Metronomy,Things will be fine,The Sound Between,2022-02-10
109,Knockin',MJ Lenderman,Knockin',The Sound Between,2022-02-10
110,Nobody Sees Me Like You Do,Japanese Breakfast,Nobody Sees Me Like You Do,The Sound Between,2022-02-10
111,Manchester (Demo-arigato Version),Kishi Bashi,Manchester (Demo-arigato Version),The Sound Between,2022-02-10
112,Breathe,Thyla,Thyla,The Sound Between,2022-02-10
113,No Reason,Big Thief,No Reason / Spud Infinity,The Sound Between,2022-02-10
114,Stepped On A Bee,MisterWives,Stepped On A Bee,The Sound Between,2022-02-10
115,Sandwich Sharer,illuminati hotties,Sandwich Sharer,The Sound Between,2022-02-10
116,Growing Up Song,Anxious,Little Green House,The Sound Between,2022-02-10
117,Peoples' Republic of Desire,The Vaccines,Back In Love City,The Sound Between,2022-02-10
118,Walk Walk,Sylvie Kreusch,Montbray,The Sound Between,2022-02-10
119,Used To,Wilma Laverne Miner,Used To,The Sound Between,2022-02-10
120,Snow Globes,"Black Country, New Roads",Ants From Up There,The Sound Between,2022-02-10
121,Killimandjaro Take Us Higher,Letta Mbulu,Mothers Garden (The Funky Sounds of Female Africa 1975 - 1984),Ankara Disco,2022-02-10
122,Sah,Al Massrieen,Modern Music (Habibi Funk 006),Ankara Disco,2022-02-10
123,Ye Medjuie,Emmanuel Kahe & Jeanette Kemogne,Pop Makossa (Analog Africa No.23),Ankara Disco,2022-02-10
124,Tchiayala,M'Bamina,Experimental,Ankara Disco,2022-02-10
125,Hafi Deo,Tabu Ley Rochereau,Mangase / Hafi Deo,Ankara Disco,2022-02-10
126,Oh Yeh Soweto,Teaspoon,Rough Guide To African Disco,Ankara Disco,2022-02-10
127,Wayawaya,Zoom,Gumba Fire: Bubblegum Soul & Synth-Boogie in the 1980s South Africa,Ankara Disco,2022-02-10
128,Disco Connection,Bindiga,Duomo Sounds Ltd (Nigerian 80s Disco Music to Move Your Soul),Ankara Disco,2022-02-10
129,Hedi Bled Noum,Shams Dinn,"France chébran: French Boogie (1982-1989), Vol. 2",Ankara Disco,2022-02-10
130,Maktoub Aleina (Habibi Funk 018),Hamid Al Shaeri,,Ankara Disco,2022-02-10
131,Kilimandjaro my Home,EKO,Various Bilongo,Ankara Disco,2022-02-10
132,Adome Nyueto,Yta Jourias,Togo Soul 70,Ankara Disco,2022-02-10
133,Gimme Some,Matata,Feelin' Funky,Ankara Disco,2022-02-10
134,Akoko Ba,Gyedu-Blay Ambolley,Gyedu-Blay Ambolley (Analog Africa Dance Edition No. 9),Ankara Disco,2022-02-10
135,Nepa,Tony Allen,NEPA (Never Expect Power Always),Ankara Disco,2022-02-10
136,Don't Do It,Bongi Makeba,Blow On Wind,Ankara Disco,2022-02-10
137,Step On,Harry Mosco,Peace & Harmony,Ankara Disco,2022-02-10
138,Friday Night,Livy Ekemezie,African Rare Groove: Rare Funky Songs from Africa,Ankara Disco,2022-02-10
139,Pretty Pretty Girls,Kiki Gyan,24 Hours in a Disco 1978-82,Ankara Disco,2022-02-10
140,Enjoy Your Life,Oby Onyioha,I Want to Feel Your Love,Ankara Disco,2022-02-10
141,Visionary (ft. 9th Wonder),Median,,Monotonic,2022-02-09
142,Manifest,Urban Thermo Dynamics,,Monotonic,2022-02-09
143,MEATHEAD (feat. MF DOOM),Bishop Neru,,Monotonic,2022-02-09
144,"Elimination Chamber (Ft. Earl Sweatshirt, Action Bronson and Vince Staples)",Domo Genesis,,Monotonic,2022-02-09
145,Med Blu/Madlib,Drive In (feat. Aloe Blacc),,Monotonic,2022-02-09
146,"Houseshoes (feat. OhNo, The Alchemist, Roc Marciano)",STREETCORNERMUSIC,,Monotonic,2022-02-09
147,Break U Off (TOO LATE TO DIE YOUNG),Sonder,,Monotonic,2022-02-09
148,werk,ericggg,,Monotonic,2022-02-09
149,mygrl_,Knxwledge,,Monotonic,2022-02-09
150,Déjà Vu (Uptown Baby),"Lord Tariq, Peter Gunz",,Monotonic,2022-02-09
151,Love is the Message,Deep Grooves,"MFSB, The Three Degrees",Moe Town Records,2022-02-09
152,Jazzie's Groove,Soul II Soul,Keep on Movin,Moe Town Records,2022-02-09
153,Funky Sensation,Gwen McCrae,Funky Sensation (MAW Mix),Moe Town Records,2022-02-09
154,Misdemeanor,Foster Sylvers,Foster Sylvers,Moe Town Records,2022-02-09
155,African Rhythms,Oneness of Juju,African Rhythms,Moe Town Records,2022-02-09
156,Ting-A-Ling,Shabba Ranks,Greatest Hits,Moe Town Records,2022-02-09
157,Harlem Nocturne,Chuck Brown and the Soul Searchers,Gogo Swing (Live),Moe Town Records,2022-02-09
158,Running Away,Roy Ayers Ubiquity,Lifeline,Moe Town Records,2022-02-09
159,Take it to the Top,"Skibone, Tommy Ski",Chocolate City Go-Go,Moe Town Records,2022-02-09
160,Church,"Tone P, JG Riff DJ Say Say 3OHBlack Chris Of TOB",Drop!,Moe Town Records,2022-02-09
161,Arkade Funk,Tilt,Chocolate City Go-Go,Moe Town Records,2022-02-09
162,Dip & Fall Back,Patra,Scent of Attraction,Moe Town Records,2022-02-09
163,Hyasynth,Léa Sen,Hyasynth,The Sound Between,2022-02-09
164,I Feel Like I'm Blue,Léa Sen,I Feel Like I'm Blue,The Sound Between,2022-02-09
165,Alone,Duval Timothy,Help,The Sound Between,2022-02-09
166,Swimmer,Helena Deland,Swimmer,The Sound Between,2022-02-09
167,I Need to Keep You in My Life,William Doyle,Great Spans of Muddy Time,The Sound Between,2022-02-09
168,In Love With You,The Paradise,In Love With You - Single,The Sound Between,2022-02-09
169,L-Over,U.S. Girls,In A Poem Unlimited,The Sound Between,2022-02-09
170,Clouds Have Parted,Amy Reid,Dome Trax,The Sound Between,2022-02-09
171,Goosebumps,bar italia,Quarrel,The Sound Between,2022-02-09
172,I LIKE IT IT LIT [125.858 BPM],Vegyn,Don't Follow Me Because I'm Lost Too!!,The Sound Between,2022-02-09
173,AVAILABLE,Dean Blunt,Roaches 2012-2019,The Sound Between,2022-02-09
174,So Much Time - So Little Time,"Vegyn, John Glacier",Like A Good Old Friend,The Sound Between,2022-02-09
175,If Anything,John Glacier,SHILOH: Lost For Words,The Sound Between,2022-02-09
176,Mushroom Abolitionist,Vegyn,Like A Good Old Friend,The Sound Between,2022-02-09
177,Crystal Hole,OTTO,Clam Day,The Sound Between,2022-02-09
178,ITs not emotional enough [122 BPM],Vegyn,Don't Follow Me Because I'm Lost Too!!,The Sound Between,2022-02-09
179,Solitary Sunset,Amy Reid,Dome Trax,The Sound Between,2022-02-09
180,Time Walk,Bnny,Everything,The Sound Between,2022-02-09
181,I'm Just Fine,Bnny,I'm Just Fine,The Sound Between,2022-02-09
182,Voice Memo,Bnny,Everything,The Sound Between,2022-02-09
183,Deer In Japan,Cindy,1:2,The Sound Between,2022-02-09
184,I'm Going In A Field,Massage,Lane Lines,The Sound Between,2022-02-09
185,Today Is This Magic Quality,Laraaji,Vision Songs Vol. 1,The Sound Between,2022-02-09
186,Hey Bad,Tonstartssbandht,Petunia,The Sound Between,2022-02-09
187,HUO,LI YILEI,OF,The Sound Between,2022-02-09
188,Equal Sign,Hélène Barbier,Regulus,The Sound Between,2022-02-09
189,Palissade,Hélène Barbier,Regulus,The Sound Between,2022-02-09
190,Superstition,"Ethan P. Flynn, Vegyn",Superstition,The Sound Between,2022-02-09
191,Geraldine,Black Taffy,Geraldine,The Sound Between,2022-02-09
192,Wayne is innocent [100 BPM],Vegyn,Don't Follow Me Because I'm Lost Too!!,The Sound Between,2022-02-09
193,I feel it - i hope u feel it too 009 [122 BPM],Vegyn,Don't Follow Me Because I'm Lost Too!!,The Sound Between,2022-02-09
194,Remember Those Days on the Road,"Immersion, Ulrich Schnauss","Nanocluster, Vol.1",The Sound Between,2022-02-09
195,Où est la fée,Renée Reed,Renée Reed,The Sound Between,2022-02-09
196,5ever,Ssaliva,5ever / The Stars Up Above,The Sound Between,2022-02-09
197,Contemplation I,Jessica Moss,Phosphenes,The Sound Between,2022-02-09
198,Wa-Do-Dem,Eek-A-Mouse,,Tunnel One,2022-02-08
199,Wanna Be Loved,Buju Banton,,Tunnel One,2022-02-08
200,Baby Can I Hold You Tonight,Foxy Brown,,Tunnel One,2022-02-08
201,Good Thing Going,Sugar Minott,,Tunnel One,2022-02-08
202,Stealing Love,Carlene Davis,,Tunnel One,2022-02-08
203,I'm Still In Love With You,"Sean Paul, Sasha",,Tunnel One,2022-02-08
204,I'm Still In Love With You,Marcia Aitken,,Tunnel One,2022-02-08
205,Can't You Love Me,Marcia Aitken,,Tunnel One,2022-02-08
206,Ice Cream Love,Johnny Osbourne,,Tunnel One,2022-02-08
207,Love You Higher,Benjy Myaz,,Tunnel One,2022-02-08
208,Beautiful Lady,Gyptian,,Tunnel One,2022-02-08
209,Who Loving You,Ken Boothe,,Tunnel One,2022-02-08
210,Ain't That Loving You,Dennis Brown,,Tunnel One,2022-02-08
211,Moonlight Lover,Barrington Levy,,Tunnel One,2022-02-08
212,Dulcinea,Black Tape for a Blue Girl,,999 RETURNS,2022-02-08
213,Anasthasia,T99,,999 RETURNS,2022-02-08
214,Ibiza,Aqua Bassino,,999 RETURNS,2022-02-08
215,JustAnotherDayAtTheOffice,BONES,,999 RETURNS,2022-02-08
216,Azax Attra,Sussan Deyhim & Richard Horowitz,,999 RETURNS,2022-02-08
217,Cada Beijo (Thievery Corporation Mix),Bebel Gilberto,,999 RETURNS,2022-02-08
218,Don't Play That,King Von & 21 Savage,,999 RETURNS,2022-02-08
219,Really Into You,DJ Counselling,,999 RETURNS,2022-02-08
220,Bottom of the Trap (feat. Icewear Vezzo & EST Gee),Hardo,,999 RETURNS,2022-02-08
221,Difficult Loves,Frank & Tony,,999 RETURNS,2022-02-08
222,Aahhhh!,Lil Louis,,999 RETURNS,2022-02-08
223,Energy (Sonny Fodera Remix),"BURNS, A$AP Rocky, & Sabrina Claudio",,999 RETURNS,2022-02-08
224,Posted With Demons,Future,,999 RETURNS,2022-02-08
225,Throw Sum Mo (feat. Nicki Minaj & Young Thug),Rae Sremmurd,,999 RETURNS,2022-02-08
226,Here Is,Jay Salino,,999 RETURNS,2022-02-08
227,Choppa Way,Pooh Shiesty,,999 RETURNS,2022-02-08
228,Hi Tech Jazz,Galaxy 2 Galaxy,,999 RETURNS,2022-02-08
229,Lick My Tears,Eartheater,,999 RETURNS,2022-02-08
230,Richer Than My Opps,Icewear Vezzo,,999 RETURNS,2022-02-08
231,Reverse Rotation,DJ Sprinkles,,999 RETURNS,2022-02-08
232,Desafinado (with Astrud Gilberto),George Michael,,999 RETURNS,2022-02-08
233,Tabula Rasa (feat. Armand Hammer),Earl Sweatshirt,,999 RETURNS,2022-02-08
234,EMPEROR-EYES IV (feat. Priya Roy),DJ 999,,999 RETURNS,2022-02-08
235,Rivers,zAr zAr,,999 RETURNS,2022-02-08
236,Got Dem Racks,Yo Gotti,,999 RETURNS,2022-02-08
237,Cold Gangsta (feat. 42 Dugg & EST Gee),Yo Gotti,,999 RETURNS,2022-02-08
238,Little Bit (El Trick Remix),Erika de Casier,,999 RETURNS,2022-02-08
239,Sleep Walk,Bladee,,999 RETURNS,2022-02-08
240,Black Omen -DB Step Mix-,Levo Lution,,999 RETURNS,2022-02-08
241,World Is Yours,Gunna,,999 RETURNS,2022-02-08
242,Out of Touch,Charles Irwin,On the Floor,The New Afternoon Show,2022-02-08
243,On the Floor,Charles Irwin,On the Floor,The New Afternoon Show,2022-02-08
244,Bruce Branner,Sub*T,So Green,The New Afternoon Show,2022-02-08
245,Table for Four,Sub*T,So Green,The New Afternoon Show,2022-02-08
246,Cozad,Sub*T,So Green,The New Afternoon Show,2022-02-08
247,Fur on Porcelain,Sub*T,So Green,The New Afternoon Show,2022-02-08
248,Knife Fight,Trophy Wife,Bruiser,The New Afternoon Show,2022-02-08
249,Suspend Me,The Lice,Nu England,The New Afternoon Show,2022-02-08
250,Bedsore,The Lice,Nu England,The New Afternoon Show,2022-02-08
251,Cough Drops As Candy,The Lice,Nu England,The New Afternoon Show,2022-02-08
252,Hope No One Knows,The Lice,Nu England,The New Afternoon Show,2022-02-08
253,Red Shoes,Throwing Muses,The Real Ramona,The New Afternoon Show,2022-02-08
254,1:2,Cindy,1:2,The New Afternoon Show,2022-02-08
255,Between the Heart and the Mind,Body Breaks,Bad Trouble,The New Afternoon Show,2022-02-08
256,All Alone,Velour Academy,Chisme,The New Afternoon Show,2022-02-08
257,Dsprnggirl,Velour Academy,Chisme,The New Afternoon Show,2022-02-08
258,Wayl Waly Waly,DUNUMS,its in your ribs,The New Afternoon Show,2022-02-08
259,Gizmo,Soursob,Soursob,The New Afternoon Show,2022-02-08
260,Blow,Soursob,Soursob,The New Afternoon Show,2022-02-08
261,Dead Again,Why Bother?,A Year of Mutations,The New Afternoon Show,2022-02-08
262,She's Gonna Wake the Dead,Why Bother?,A Year of Mutations,The New Afternoon Show,2022-02-08
263,Back Burner,Archie Blu,Back Burner,The New Afternoon Show,2022-02-08
264,Eggystential,Eggy,Billy,The New Afternoon Show,2022-02-08
265,State Line,Erik Nervous and the Beta Blockers,Erik Nervous and the Beta Blockers,The New Afternoon Show,2022-02-08
266,Tall Stories,Glass Torpedoes,Heroes of the Night,The New Afternoon Show,2022-02-08
267,You Did It Again,S.P.U.D.,Dumb Show EP,The New Afternoon Show,2022-02-08
268,White Radish,The World,Reddish,The New Afternoon Show,2022-02-08
269,The Common Era,Cindy,1:2,The New Afternoon Show,2022-02-08
270,Party Store,Cindy,1:2,The New Afternoon Show,2022-02-08
271,Suitor,Communion (Expanded Edition),,The New Afternoon Show,2022-02-08
272,Avril 14th,YACHT,Sub Versions,The Sound Between,2022-02-08
273,Faux savage,Domenique Dumont,Miniatures de auto rhythm,The Sound Between,2022-02-08
274,Swirl,Charlie Martin,Imaginary People,The Sound Between,2022-02-08
275,Filateli,Felbm,Tape 3,The Sound Between,2022-02-08
276,days,Jadasea,half-life,The Sound Between,2022-02-08
277,Asc. Scorpio,Oracle Sisters,Asc. Scorpio,The Sound Between,2022-02-08
278,Favorite Song,waveform*,Last Room,The Sound Between,2022-02-08
279,POUR TOi,MUNYA,Voyage to Mars,The Sound Between,2022-02-08
280,Serenade of Water,Men I Trust,Untourable Album,The Sound Between,2022-02-08
281,Navy Light,Labyrinth Ear,Oak,The Sound Between,2022-02-08
282,Trip To Japan,The Shacks,Trip To Japan,The Sound Between,2022-02-08
283,Iced out Castles,Black Kray,Ice Cream & Mac 10s,The Sound Between,2022-02-08
284,Makeup,Oberhofer,Makeup,The Sound Between,2022-02-08
285,I Was On Molly and She Was On Me,Romulus Wolf,I Was On Molly And She Was On me,The Sound Between,2022-02-08
286,Destoyer,Ruby Haunt,Nevada,The Sound Between,2022-02-08
287,Pink Purple Blues,Hether,Hether Who?,The Sound Between,2022-02-08
288,Outside the Outside - Edit,Helado Negro,Outside the Outside,The Sound Between,2022-02-08
289,I Think I Lost That Love,r mcarthy,Dick Arkive: Issue 2,The Sound Between,2022-02-08
290,Tears,Knifeplay,Pearlty,The Sound Between,2022-02-08
291,Changes,"Antonio Williams, Kerry McCoy",25th Street Sessions,The Sound Between,2022-02-08
292,Дорогой Человек,PERMSKY KRAY,Дорогой Человек,The Sound Between,2022-02-08
293,Younger Than You,Whirr,Feels Like You,The Sound Between,2022-02-08
294,Amateur,Current Joys,Voyager,The Sound Between,2022-02-08
295,Tu t'en lasses,La Femme,Paradigmes,The Sound Between,2022-02-08
296,Two Girls Kissing,Swirlies,They Spent Their Wild Youthful,The Sound Between,2022-02-08
297,Break This The Breaking Point 2,"Vertigoaway, Schizoscriptures",Break This The Breaking Point 2,The Sound Between,2022-02-08
298,Forever Dolphin Love,Connan Mockasin,Forever Dolphin Love,The Sound Between,2022-02-08
299,Music for Six Rooms,Hoavi,Music for Six Rooms,Content With Fractals,2022-02-08
300,Ocelot,Melanie Velarde,Parcel,Content With Fractals,2022-02-08
301,a horse,water feature,in the world generally,Content With Fractals,2022-02-08
302,NW2MJ13 (long ambient final),Nuke Watch,Countdown,Content With Fractals,2022-02-08
303,nude,Motohiko Hamase,#NOTES OF FORESTRY,Content With Fractals,2022-02-08
304,LATE MORNING,Masahiro Sugaya,STONE AGE,Content With Fractals,2022-02-08
305,View from My Window,Hiroshi Yoshimura,Music for Nine Post Cards,Content With Fractals,2022-02-08
306,FEET,Hiroshi Yoshimura,Green,Content With Fractals,2022-02-08
307,STREET,Hiroshi Yoshimura,Green,Content With Fractals,2022-02-08
308,Torn Page,Eiko Ishibashi,Torn Page,Content With Fractals,2022-02-08
309,Sense of Place,Golden Retriever,Sense of Place,Content With Fractals,2022-02-08
310,Darker Trees,Michael Grigoni / Chihei Hatakeyama / Stephen Vitiello,Earth Awhile,Content With Fractals,2022-02-08
311,Breeze Rises,Michael Grigoni / Chihei Hatakeyama / Stephen Vitiello,Earth Awhile,Content With Fractals,2022-02-08
312,Life of Acne,Coughs,Secret Passage,The American Nightmare,2022-02-08
313,Viva La Rat,White Lung,It's The Evil,The American Nightmare,2022-02-08
314,Sugar,Made Out of Babies,Trophy,The American Nightmare,2022-02-08
315,Letter To Al Johnson,Aids Wolf,Clash of The Life-Force Warriors,The American Nightmare,2022-02-08
316,Narwhal,Coughs,Fright Makes Right,The American Nightmare,2022-02-08
317,Beat Up,Narwhal,Helms Alee,The American Nightmare,2022-02-08
318,Fright Makes Right,Coughs,Fright Makes Right,The American Nightmare,2022-02-08
319,Gut Bug,Distorted Pony,Punishment Room,The American Nightmare,2022-02-08
320,Murdered Out,Kim Gordon,No Home Record,The American Nightmare,2022-02-08
321,Amplifier,Jucifer,I Name You Destroyer,The American Nightmare,2022-02-08
322,Hunting,Heliogabale,Diving Rooms,The American Nightmare,2022-02-08
323,Mandolin,Harry Pussy,You'll Never Play This Town Again (Collection),The American Nightmare,2022-02-08
324,Jewels,Evil Sword,Agony of the Wart God,The American Nightmare,2022-02-08
325,Death in the Turnstile,Distorted Pony,Punishment Room,The American Nightmare,2022-02-08
326,Left Handy Man Tuttle,Helms Alee,Night Terror,The American Nightmare,2022-02-08
327,Cooker,Made Out of Babies,The Ruiner,The American Nightmare,2022-02-08
328,Sleep Creep,White Lung,It's The Evil,The American Nightmare,2022-02-08
329,Ending of an Old Regime,Aids Wolf VS. Athletic Automaton,Clash of The Life-Force Warriors,The American Nightmare,2022-02-08
330,Pussy Control,Harry Pussy,What Was Music?,The American Nightmare,2022-02-08
331,Driver,Perfect Pussy,Say Yes to Love,The American Nightmare,2022-02-08
332,July 31st,Julie Christmas,The Bad Wife,The American Nightmare,2022-02-08
333,If You Go Away,Julie Christmas,The Bad Wife,The American Nightmare,2022-02-08
334,Superman,Jucifer,Calling All Cars on The Vegas Strip,The American Nightmare,2022-02-08
335,Meine Natur,Heliogabale,To Pee,The American Nightmare,2022-02-08
336,Bells,Perfect Pussy,Say Yes to Love,The American Nightmare,2022-02-08
337,Swim,Nü Sensae,Sundowning,The American Nightmare,2022-02-08
338,Rid of Me,PJ Harvey,Rid of Me,The American Nightmare,2022-02-08
339,Uta No Kisha,Tatsuro Yamashita,Single,Night City Life,2022-02-07
340,The Moon in the Mirror,Akiko Kohara,AK-NOTE,Night City Life,2022-02-07
341,Watch Out for Moonlit Nights,Meiko Nakahara,Mint,Night City Life,2022-02-07
342,Whimsical,Kumi Nakamura,Hiko Shojo,Night City Life,2022-02-07
343,Indian Roadside,Miyuki Maki,Love Knot,Night City Life,2022-02-07
344,Osake to Joke,Haruyoshi Yamashina,Tokyo Glow,Night City Life,2022-02-07
345,In the Summer Light,Sumiko Yamagata,Summer Shade,Night City Life,2022-02-07
346,Party is Over,Hatsumi Shibata,Show Me the Way,Night City Life,2022-02-07
347,Stay With Me,Akina Nakamori,Best II,Night City Life,2022-02-07
348,Moonlight Flight,Makoto Iwabuchi,Super Moon,Night City Life,2022-02-07
349,The Last Magic Trick,Hiroshi Sato,Time,Night City Life,2022-02-07
350,Softly Young Lady,Kiyohiko Ozaki,Tokyo Glow,Night City Life,2022-02-07
351,Paradigm of Love,Ken Nishizaki,Tokyo Glow,Night City Life,2022-02-07
352,Nobody But Me,The Human Beinz,Nobody But Me,Plastic Tales From The Marshmallow Dimension,2022-02-07
353,Dance On Through,The Human Beinz,Nobody But Me,Plastic Tales From The Marshmallow Dimension,2022-02-07
354,Foxey Lady,The Human Beinz,Nobody But Me,Plastic Tales From The Marshmallow Dimension,2022-02-07
355,The Shaman,The Human Beinz,Nobody But Me,Plastic Tales From The Marshmallow Dimension,2022-02-07
356,Turn On Your Love Light,The Human Beinz,Nobody But Me,Plastic Tales From The Marshmallow Dimension,2022-02-07
357,Four In The Morning,The Youngbloods,The Youngbloods,Plastic Tales From The Marshmallow Dimension,2022-02-07
358,Get Together,The Youngbloods,The Youngbloods,Plastic Tales From The Marshmallow Dimension,2022-02-07
359,Dark Side,The Shadows Of Knight,Gloria,Plastic Tales From The Marshmallow Dimension,2022-02-07
360,I'm Not Like Everybody Else,The Chocolate Watchband,I'm Not Like Everybody Else,Plastic Tales From The Marshmallow Dimension,2022-02-07
361,Are You Gonna Be There (At The Love In),The Chocolate Watchband,No Way Out,Plastic Tales From The Marshmallow Dimension,2022-02-07
362,Are You A Boy Or Are You A Girl?,The Barbarians,Are You A Boy Or Are You A Girl?,Plastic Tales From The Marshmallow Dimension,2022-02-07
363,Don't Look Back,The Remains,The Remains,Plastic Tales From The Marshmallow Dimension,2022-02-07
364,Why Do I Cry,The Remains,The Remains,Plastic Tales From The Marshmallow Dimension,2022-02-07
365,Pushin' Too Hard,The Seeds,The Seeds,Plastic Tales From The Marshmallow Dimension,2022-02-07
366,Didn't Want to Have to Do It,The Lovin Spoonfull,Daydream,Plastic Tales From The Marshmallow Dimension,2022-02-07
367,Wipe Your Tears From Your Eyes,Scott Mckenzie,Here's A Song (You Might Have Missed),Plastic Tales From The Marshmallow Dimension,2022-02-07
368,Over Under Sideways Down,The Yardbirds,Roger The Engineer,Plastic Tales From The Marshmallow Dimension,2022-02-07
369,(We Ain't Got) Nothin Yet,The Blue Magoos,Psychedelic Lollipop,Plastic Tales From The Marshmallow Dimension,2022-02-07
370,Talk Talk,The Music Machine,(Turn On) The Music Machine,Plastic Tales From The Marshmallow Dimension,2022-02-07
371,Codine,The Litter,Distortions,Plastic Tales From The Marshmallow Dimension,2022-02-07
372,Whatcha Gonna Do About It,The Litter,Distortions,Plastic Tales From The Marshmallow Dimension,2022-02-07
373,Riot On Sunset Strip,The Standells,Riot On Sunset Strip,Plastic Tales From The Marshmallow Dimension,2022-02-07
374,San Fransisco (Be Sure To Wear Flowers In Your Hair),Scott Mckenzie,The Voice Of Scott Mckenzie,Plastic Tales From The Marshmallow Dimension,2022-02-07
375,Circles,Fleur De Lys,You've Got To Earn It,Plastic Tales From The Marshmallow Dimension,2022-02-07
376,Onie,The Electric Prunes,I Had Too Much To Dream Last Night,Plastic Tales From The Marshmallow Dimension,2022-02-07
377,Open My Eyes,Nazz,Nazz,Plastic Tales From The Marshmallow Dimension,2022-02-07
378,Daydream Believer,The Monkees,"The Birds, The Bees, And The Monkees",Plastic Tales From The Marshmallow Dimension,2022-02-07
379,She's a Lover,The Pretty Things,Parachute,Plastic Tales From The Marshmallow Dimension,2022-02-07
380,Cherish,The Association,And Then...Along Comes,Plastic Tales From The Marshmallow Dimension,2022-02-07
381,Windy,The Association,Insight Out,Plastic Tales From The Marshmallow Dimension,2022-02-07
382,Never My Love,The Association,Greatest Hits,Plastic Tales From The Marshmallow Dimension,2022-02-07
383,Manana Tepotzlan,El Buho,Cenotes,Slugbeat,2022-02-07
384,Folha de Jurema- Xique-Xique's Dragonfruit Mix,"Nicola Criz, Salvador Araguaya, Spaniol, Arteria FM, Xique-Xique",Folha de Jurema,Slugbeat,2022-02-07
385,Cumbion de las Aves,Chancha Via Circuito,Rio Arriba,Slugbeat,2022-02-07
386,Mi Mujer,Nicolas Jaar,Time for Us,Slugbeat,2022-02-07
387,No,Nicolas Jaar,Sirens,Slugbeat,2022-02-07
388,Azul Oro,"Populous, Ela Minus",Azulejos,Slugbeat,2022-02-07
389,1542,Xique-Xique,Xaxoeira,Slugbeat,2022-02-07
390,Praah Com Poesia,Spaniol,Confluencias II: Montana,Slugbeat,2022-02-07
391,Sueno en Paraguay- El Buho Remix,"Chancha Via Circuito, El Buho",Amansara Remixed,Slugbeat,2022-02-07
392,Everything's Electric,Liam Gallagher,Everything's Electric,The New Afternoon Show,2022-02-07
393,The Left Is Right - Live at Shea Stadium,Desaparecidos,The Left is Right (Live at Shea Stadium),The New Afternoon Show,2022-02-07
394,No Blood,The Districts,No Blood,The New Afternoon Show,2022-02-07
395,Bubblegum Infinity,Psychedelic Porn Crumpets,Bubblegum Infinity,The New Afternoon Show,2022-02-07
396,Daydreaming,SPINN,Outside of the Blue,The New Afternoon Show,2022-02-07
397,The Way It Shatters,Rolling Blackouts Coastal Fever,The Way It Shatters,The New Afternoon Show,2022-02-07
398,That's Our Lamp,Mitski,Laurel Hell,The New Afternoon Show,2022-02-07
399,We Go Back,Animal Collective,Time Skiffs,The New Afternoon Show,2022-02-07
400,Falling Out of Love At This Volume (Companion Version),Bright Eyes,Falling Out of Love At This Volume (Companion Version),The New Afternoon Show,2022-02-07
401,I Felt Your Shape,The Microphones,"The Glow, Pt. 2",The New Afternoon Show,2022-02-07
402,Wind's Dark Poem,Mount Eerie,Wind's Poem,The New Afternoon Show,2022-02-07
403,Good Will Hunting,"Black Country, New Road",Ants From Up There,The New Afternoon Show,2022-02-07
404,Never Mind The List,Guided by Voices,Never Mind The List,The New Afternoon Show,2022-02-07
405,Kin,Thyla,Thyla,The New Afternoon Show,2022-02-07
406,"Haligh, Haligh, A Lie, Haligh (Companion Version)",Bright Eyes ft. Phoebe Bridgers,"Haligh, Haligh, A Lie, Haligh (Companion Version)",The New Afternoon Show,2022-02-07
407,I Don't Know How You Do It,A Place To Bury Strangers,See Through You,The New Afternoon Show,2022-02-07
408,Bercy,Beirut,Artifacts,The New Afternoon Show,2022-02-07
409,Great Ghosts,Mount Eerie,Dawn,The New Afternoon Show,2022-02-07
410,Harbour,Cate Le Bon,Pompeii,The New Afternoon Show,2022-02-07
411,Where They Perform Miracles (Acoustic),Clap Your Hands Say Yeah,Where They Perform Miracles (Acoustic),The New Afternoon Show,2022-02-07
412,11th Hour,Pinegrove,11:11,The New Afternoon Show,2022-02-07
413,Contrast and Compare (Companion Version),Bright Eyes ft. Waxahatchee,Contrast and Compare (Companion Version),The New Afternoon Show,2022-02-07
414,alienlover,Gracie Gray,anna,The New Afternoon Show,2022-02-07
415,The Place Where He Inserted The Blade,"Black Country, New Road",Ants From Up There,The New Afternoon Show,2022-02-07
416,Beautiful People,Wasuremono,"Let's Talk, Pt. 2",The New Afternoon Show,2022-02-07
417,Falling Out of Love at This Volume,Bright Eyes,Falling Out of Love At This Volume,The Sound Between,2022-02-07
418,Skin,Basement Revolver,Circles,The Sound Between,2022-02-07
419,The Hardest Cut,Spoon,Wild,The Sound Between,2022-02-07
420,Iodine,Pinegrove,11:11,The Sound Between,2022-02-07
421,Wide Open Spaces,Soccer Mommy,Wide Open Spaces,The Sound Between,2022-02-07
422,"Haligh, Haligh, A Lie, Haligh (Companion Version)",Bright Eyes,"Haligh, Haligh, A Lie, Haligh",The Sound Between,2022-02-07
423,(Don't) Call Me Out,Bridge Dog,Going South,The Sound Between,2022-02-07
424,Losing My Religion,Sarah and the Sundays,Losing My Religion,The Sound Between,2022-02-07
425,Fade Into You,"American Football, Miya Folick",Rare Symmetry/Fade Into You,The Sound Between,2022-02-07
426,Simulation Swarm,Big Thief,Simulation Swarm,The Sound Between,2022-02-07
427,Light Blue,Snail Mail,Valentine,The Sound Between,2022-02-07
428,Miss Misery (Early Version),Elliott Smith,New Moon,The Sound Between,2022-02-07
429,Fisher Island Sound,Beirut,Fisher Island Sound,The Sound Between,2022-02-07
430,Alaska,Pinegrove,11:11,The Sound Between,2022-02-07
431,Love Me More,Mitski,Laurel Hell,The Sound Between,2022-02-07
432,Endless Summer,Superchunk,Endless Summer,The Sound Between,2022-02-07
433,This House Is On Fire,Broken Social Scene,Old Dead Young (B-Sides & Rarities),The Sound Between,2022-02-07
434,Remembering Me,Cate Le Bon,Remembering Me,The Sound Between,2022-02-07
435,Save The Circus,No Monster Club,Save the Circus,The Sound Between,2022-02-07
436,Ride or Die,Hippo Campus,LP3,The Sound Between,2022-02-07
437,The 2nd Most Beautiful Girl in The World,Snail Mail,The 2nd Most Beautiful Girl in The World,The Sound Between,2022-02-07
438,Southwood Plantation Road,The Mountain Goats,Tallahassee,The Sound Between,2022-02-07
439,12,Pip Blom,Welcome Break,The Sound Between,2022-02-07
440,Kissing Lessons,Lucy Dacus,Kissing Lessons,The Sound Between,2022-02-07
441,Dylan Thomas,Better Oblivion Community Center,Better Oblivion Community Center,The Sound Between,2022-02-07
442,MMMOOAAAAYAYA,Illuminati Hotties,Let Me Do One More,The Sound Between,2022-02-07
443,Oxygen,Beach Bunny,Oxygen,The Sound Between,2022-02-07
444,Garden of Our Neighbor,Goon,Garden of Our Neighbor,The Sound Between,2022-02-07
445,your love is a disaster,Squirrel Flower,Planet EP,The Sound Between,2022-02-07
446,Nobody Sees Me Like You Do,Japanese Breakfast,Nobody Sees Me Like You Do,The Sound Between,2022-02-07
447,Superstar,Beach House,Once Twice Melody,The Sound Between,2022-02-07
448,Brotherhood Of Man,"Oscar Peterson Trio, Clark Terry",Oscar Peterson Trio Plus One,Uncommon Time ,2022-02-07
449,Jazz Conversations,Clark Terry,The Happy Horns Of Clark Terry,Uncommon Time ,2022-02-07
450,Blues for Anita,Milt Buckner,Locked Hands,Uncommon Time ,2022-02-07
451,Lotus Blossom,Wild Bill Davis,Greatest Organ Solos Ever!,Uncommon Time ,2022-02-07
452,When I Fall in Love,Miles Davis Quintet,Steamin' With The Miles Davis Quintet,Uncommon Time ,2022-02-07
453,"Générique - Bande originale du film ""Ascenseur pour l'échafaud""",Miles Davis,Ascenseur pour l'échafaud,Uncommon Time ,2022-02-07
454,"Bess, You Is My Woman Now",Miles Davis,Porgy and Bess,Uncommon Time ,2022-02-07
455,I Only Have Eyes For You,Lester Bowie's Brass Fantasy,I Only Have Eyes For You,Uncommon Time ,2022-02-07
456,Jealous Guy - Live,Donny Hathaway,Live,Uncommon Time ,2022-02-07
457,Pitter Panther Patter - 1999 Remastered - Take 2,"Duke Ellington, Jimmie Blanton","Solos, Duets, & Trios",Uncommon Time ,2022-02-07
458,Body and Soul,Luther Thomas,In Denmark,Uncommon Time ,2022-02-07
459,Tse'lane,Oliver Lake,Ntu: The Point from Which Creation Begins,Uncommon Time ,2022-02-07
460,Headless Blues,"Hamiet Bluiett, Black Fire",Bearer of the Holy Flame,Uncommon Time ,2022-02-07
461,Born Under A Bad Sign - Mono Mix,Albert King,Born Under A Bad Sign (Mono),Uncommon Time ,2022-02-07
462,Roll Over Beethoven (Live from Blueberry Hill),Chuck Berry,Live from Blueberry Hill,Uncommon Time ,2022-02-07
463,St. Louis Blues,Louis Armstrong,Louis Armstrong Plays W. C. Handy,Uncommon Time ,2022-02-07
464,St Louis Blues - Studio Jam,The Beatles,The Beatles,Uncommon Time ,2022-02-07
465,Dream,"Julius Hemphill, Abdul Wadud",Oakland Duets,Uncommon Time ,2022-02-07
466,Night Train,"Shorty Baker, Doc Cheatham",Shorty & Doc,Uncommon Time ,2022-02-07
467,'Round About Midnight - Remastered 2002/Rudy Van Gelder Edition,Grant Green,Green Street (Rudy Van Gelder Edition),Uncommon Time ,2022-02-07
468,"Spanish Tinge, No. 1",Jaki Byard,Eclectic Style,Out to Lunch,2022-02-07
469,Escarmouches,Stan Getz and The Kenny Clarke-Francy Boland Big Band,Change of Scenes,Out to Lunch,2022-02-07
470,When I Fall in Love,Giorgio Azzolini,What's Happening?,Out to Lunch,2022-02-07
471,El Hombre,Pat Martino,El Hombre,Out to Lunch,2022-02-07
472,It Ain't Necessarily So,Rubén López Furst,Jazz en La Universidad,Out to Lunch,2022-02-07
473,The Beginning,Sun Ra,The Futuristic Sounds of Sun Ra,Out to Lunch,2022-02-07
474,Ethlyn's Love,George Braith,Extension,Out to Lunch,2022-02-07
475,Le Grand Bidou,Jef Gilson Big Band,Enfin !,Out to Lunch,2022-02-07
476,Mojo,Booker Ervin,The Space Book,Out to Lunch,2022-02-07
477,Straszna Franka,Zbigniew Namysłowski Quartet,Zbigniew Namysłowski Quartet,Out to Lunch,2022-02-07
478,Virgo Vibes,Roy Ayres,Virgo Vibes,Out to Lunch,2022-02-07
479,Out of this World,John Coltrane Quartet,Coltrane,Out to Lunch,2022-02-07
480,Search for the New Land,Lee Morgan,Search for the New Land,Out to Lunch,2022-02-07
481,Landline,binki,,Bathtime Rave,2022-02-06
482,50/50,Jockstrap,,Bathtime Rave,2022-02-06
483,New Flesh,Annabelle,,Bathtime Rave,2022-02-06
484,I've Always Liked Grime,Mall Grab,,Bathtime Rave,2022-02-06
485,Freak in da Club,DM,,Bathtime Rave,2022-02-06
486,Traketeo,"Ms Nina, Beauty Brain",,Bathtime Rave,2022-02-06
487,Only Seeing God When I Come,Sega Bodoega,,Bathtime Rave,2022-02-06
488,Dammit,blink-182,,Bathtime Rave,2022-02-06
489,I'm Your Dog,Joy Again,,Bathtime Rave,2022-02-06
490,I Wanna Be Your Dog,The Stooges,,Bathtime Rave,2022-02-06
491,The New,J Dilla,,Bathtime Rave,2022-02-06
492,Forever,Famous,,Bathtime Rave,2022-02-06
493,Angel on My Shoulder,Sega Bodega,,Bathtime Rave,2022-02-06
494,Tongue in cheek,underscores,,Bathtime Rave,2022-02-06
495,Heck,underscores,,Bathtime Rave,2022-02-06
496,静かに消える,AYA GLOOMY,,Bathtime Rave,2022-02-06
497,Pink,Boris,,Bathtime Rave,2022-02-06
498,All of Your Friends Think I'm Too Young For You,Sega Bodega,,Bathtime Rave,2022-02-06
499,Winona,DJ BORING,,Bathtime Rave,2022-02-06
500,Cicada,"Sega Bodega, Arca",,Bathtime Rave,2022-02-06
501,Time,Ecco2k,,Bathtime Rave,2022-02-06
502,Livin' It Up,Fluf,,Bathtime Rave,2022-02-06
503,Blue Sheen,Provoker,,Bathtime Rave,2022-02-06
504,Pastillas,Ms Nina,,Bathtime Rave,2022-02-06
505,Dominant,Tony Shhnow,,Bathtime Rave,2022-02-06
506,emo girl,"Machine Gun Kelly, Willow",,Bathtime Rave,2022-02-06
507,Telephone,Pretty Sick,,Bathtime Rave,2022-02-06
508,3pm,BADGUYLEX,,Bathtime Rave,2022-02-06
509,Dipshit,marinelli,,Bathtime Rave,2022-02-06
510,Faces in a Dream,Hurricane #1,Hurricane #1,All A Blur,2022-02-06
511,Goodnight,Babybird,Ugly Beautiful,All A Blur,2022-02-06
512,Poodle Rockin',Gorky's Zygotic Mynci,Spanish Dance Troupe,All A Blur,2022-02-06
513,Shakermaker,Oasis,Definitely Maybe,All A Blur,2022-02-06
514,Starfishing,The Pooh Sticks,Optimistic Fool,All A Blur,2022-02-06
515,We Could Be Kings,Gene,Drawn to the Deep End,All A Blur,2022-02-06
516,Daisy Bell (A Bicycle Made for Two),Blur,Modern Life Is Rubbish (Special Edition),All A Blur,2022-02-06
517,Something 4 the Weekend,Super Furry Animals,Fuzzy Logic,All A Blur,2022-02-06
518,The Ballad of Tom Jones,Space,Tin Planet,All A Blur,2022-02-06
519,Sleeping Pills,The London Suede,Suede,All A Blur,2022-02-06
520,Not Sorry,The Cranberries,"Everybody Else Is Doing It, So Why Can’t We?",All A Blur,2022-02-06
521,High and Dry,Radiohead,The Bends,All A Blur,2022-02-06
522,It's Lulu,The Boo Radleys,Wake Up!,All A Blur,2022-02-06
523,Mansize Rooster,Supergrass,I Should Coco,All A Blur,2022-02-06
524,Catching The Butterfly,The Verve,Urban Hymns,All A Blur,2022-02-06
525,Bar Italia,Pulp,Different Class,All A Blur,2022-02-06
526,On & On,Longpigs,The Sun Is Often Out,All A Blur,2022-02-06
527,Consideration,Reef,Glow,All A Blur,2022-02-06
528,125 West 3rd Street,Menswear,Nuisance,All A Blur,2022-02-06
529,How Does It Feel?,The Wannadies,Be A Girl,All A Blur,2022-02-06
530,Feeling Lazy,The Lightning Seeds,Jollification,All A Blur,2022-02-06
531,North Country Boy,The Charlatans,Tellin' Stories,All A Blur,2022-02-06
532,The Day We Caught The Train,Ocean Colour Scene,Moseley Shoals,All A Blur,2022-02-06
533,Mulder and Scully,Catatonia,International Velvet,All A Blur,2022-02-06
534,Car Fiction,Echobelly,On,All A Blur,2022-02-06
535,Delicious,Sleeper,Smart,All A Blur,2022-02-06
536,Kung Fu,Ash,1977,All A Blur,2022-02-06
537,In Your Car,Kenickie,At The Club,All A Blur,2022-02-06
538,"Take It Easy, Chicken",Mansun,Attack of the Grey Lantern,All A Blur,2022-02-06
539,Charmless Man,Blur,the Great Escape,All A Blur,2022-02-06
540,Midlife Crisis,Billy Lemos,Wonder,The Kitchen Sink,2022-02-06
541,Motion Pictures,Tabemono,Motion Pictures,The Kitchen Sink,2022-02-06
542,Bewitched (Are You Leaving Soon),Naomi Akimoto,The 20th Anniversary,The Kitchen Sink,2022-02-06
543,Athena,Nova Twins,Who Are The Girls?,The Kitchen Sink,2022-02-06
544,Spaced Out,Cloud One,Atmosphere Strut,The Kitchen Sink,2022-02-06
545,EXPIRATION DATE,MICHELLE,EXPIRATION DATE,The Kitchen Sink,2022-02-06
546,Midnight Confessions,Carry The Zero,...hey! Hey! Hey!,The Kitchen Sink,2022-02-06
547,Chitty Bang,Leikeli47,Chitty Bang,The Kitchen Sink,2022-02-06
548,Baldur's Gate,shame,Baldur's Gate,The Kitchen Sink,2022-02-06
549,RAGE (Boys Noize Remix),Pussy Riot,RAGE REMIXES,The Kitchen Sink,2022-02-06
550,Diary of a Rose,Mega Bog,Dolphine,The Kitchen Sink,2022-02-06
551,Mars,Pinkshift,Saccharine,The Kitchen Sink,2022-02-06
552,Social Cues,Teezo Touchdown,Social Cues,The Kitchen Sink,2022-02-06
553,Flip Flop,Yucky Duster,Yucky Duster,The Kitchen Sink,2022-02-06
554,Doorman,"slowthai, Mura Masa",Nothing Great About Britain,The Kitchen Sink,2022-02-06
555,Cryin' Won't Help You Now,B.B. King,Completely Well,Shake 'Em On Down,2022-02-06
556,Pills,Bo Diddley,His Best,Shake 'Em On Down,2022-02-06
557,Boom Boom,John Lee Hooker,Urban Blues,Shake 'Em On Down,2022-02-06
558,If I Were A Bird,Howlin' Wolf,Message To The Young,Shake 'Em On Down,2022-02-06
559,I Smell A Rat,Howlin’ Wolf,Message To The Young,Shake 'Em On Down,2022-02-06
560,Papa Ain't Salty,T-Bone Walker,T-Bone Blues,Shake 'Em On Down,2022-02-06
561,Queen Bee,Taj Mahal,Señor Blues,Shake 'Em On Down,2022-02-06
562,Leaving Trunk,Taj Mahal,Taj Mahal,Shake 'Em On Down,2022-02-06
563,Ball N' Chain,Big Mama Thorton,Ball n' Chain,Shake 'Em On Down,2022-02-06
564,Done Somebody Wrong,Elmore James,Shake Your Money Maker: The Best if the Fire Sessions (1960-1961),Shake 'Em On Down,2022-02-06
565,Little Red Rooster,Luther Allison,Bad News Is Coming (Remastered),Shake 'Em On Down,2022-02-06
566,Somebody Loan Me a Dime,Fenton Robinson,Somebody Loan Me a Dime,Shake 'Em On Down,2022-02-06
567,Tip On In,Slim Harpo,Best of Slim Harpo,Shake 'Em On Down,2022-02-06
568,Long Hot Summer Night,Jimi Hendrix,Electric Ladyland,Shake 'Em On Down,2022-02-06
569,Alice Mae,R.L. Burnside,Mr. Wizard,Shake 'Em On Down,2022-02-06
570,"Goin' Away, Baby",R.L. Burnside & The Sound Machine,Sound Machine Groove,Shake 'Em On Down,2022-02-06
571,Double Trouble,John Primer,Stuff You Got to Watch,Shake 'Em On Down,2022-02-06
572,Something to Remember You By,Guitar Slim,Sufferin' Mind,Shake 'Em On Down,2022-02-06
573,Don't Take Advantage of Me,Lonnie Brooks,Alligator Records 40th Anniversary Collection,Shake 'Em On Down,2022-02-06
574,Hot Sauce,Son Seals,The Son Seals Blues Band,Shake 'Em On Down,2022-02-06
575,You Ain't Worth a Good Woman,Koko Taylor,Old School,Shake 'Em On Down,2022-02-06
576,I Wonder,Robert Cray,Strong Persuader,Shake 'Em On Down,2022-02-06
577,The Blues Had a Baby and They Named It Rock and Roll,Muddy Waters,Hard Again,Shake 'Em On Down,2022-02-06
578,I Need You So Bad,Magic Sam,West Side Soul,Shake 'Em On Down,2022-02-06
579,Ships On the Ocean,Junior Wells' Chicago Blues Band,Hoodoo Man Blues,Shake 'Em On Down,2022-02-06
580,School of Losers,Nono Chen,,Songland NYU,2022-02-06
581,Hate How You Love me,Soph Retief,,Songland NYU,2022-02-06
582,Poor Little Prayer,Caroline Meade,Grow Up,Songland NYU,2022-02-06
583,Haunted House,Serena Rutledge,,Songland NYU,2022-02-06
584,Real Love,"Jack DeNicola, Carley Lovito",,Songland NYU,2022-02-06
585,Lost in Translation,Ria Arora,,Songland NYU,2022-02-06
586,Horizon,Jessica Chertock,,Songland NYU,2022-02-06
587,More,Micah Kohn,,Songland NYU,2022-02-06
588,Leaving,Derek Fawcett,,Songland NYU,2022-02-06
589,Too Hard to Say Goodbye,Cassidy Corbin,Lately,Songland NYU,2022-02-06
590,Ballad to Follow,Kat Vokes,Clockwork,Songland NYU,2022-02-06
591,Silence,j solomon,Cobalt,Songland NYU,2022-02-06
592,The Galaxy,Vivien L,,Songland NYU,2022-02-06
593,End of the World,Elise Saintigny,Fighters,Songland NYU,2022-02-06
594,Honey,Drew Hersch,,Songland NYU,2022-02-06
595,The Sun,Strawberry Launch,,Songland NYU,2022-02-06
596,Strawberry Season,Avilena,,Songland NYU,2022-02-06
597,Hungover,Soph Retief,,Songland NYU,2022-02-06
598,Listen,Goldlove,,Songland NYU,2022-02-06
599,Hear Me Now,"Rubayne, EthanUno",,Songland NYU,2022-02-06
600,Silver,James Parrott,,Songland NYU,2022-02-06
601,Let It Fade,Jessica Chertock,All Your Light,Songland NYU,2022-02-06
602,Don't Take It Personal,Goldlove,,Songland NYU,2022-02-06
603,American Beauty,Oskari,,Songland NYU,2022-02-06
604,Astoria,Aslin,,Songland NYU,2022-02-06
605,Dreaming About You,Pedro Cañas,Midtown House,Songland NYU,2022-02-06
606,Any Other Way,Mike Baretz,,Songland NYU,2022-02-06
607,Bonnie & Clyde,Brendan Mieles,,Songland NYU,2022-02-06
608,Neon Lights,Sam Guyton,,Songland NYU,2022-02-06
609,Hide,Nono Chen,,Songland NYU,2022-02-06
610,Someone Worth Fighting For,Goldlove,,Songland NYU,2022-02-06
611,Permission,Micah Kohn,,Songland NYU,2022-02-06
612,Heavy Music,Seger Liberation Army,Down Home,Best of the Midwest,2022-02-05
613,Dark Eyes,Coldswell,Void Calls,Best of the Midwest,2022-02-05
614,Dirty Room,The Go,Fiesta,Best of the Midwest,2022-02-05
615,Pleasure Seeker,Brendan Benson,Lapalco,Best of the Midwest,2022-02-05
616,Them New Sensations,The Permanents,Like A Venom,Best of the Midwest,2022-02-05
617,It'll Getcha,Goober & the Peas,The Complete Works of Goober & the Peas,Best of the Midwest,2022-02-05
618,Attention,The Raconteurs,Consolers of the Lonely,Best of the Midwest,2022-02-05
619,I Want Some More,Dan Auerbach,Keep It Hid,Best of the Midwest,2022-02-05
620,Call When You're Ready,The Paybacks,"Love, Not Reason",Best of the Midwest,2022-02-05
621,(I Felt Like) Woody Allen,The New Lou Reeds,Screwed,Best of the Midwest,2022-02-05
622,Won't Ask Why,The Patsys,Both Sides Never,Best of the Midwest,2022-02-05
623,Earthquake Heart,The Dirtbombs,Dangerous Magical Noise,Best of the Midwest,2022-02-05
624,Nubber #10,No Bails,Epyx Shredder,Best of the Midwest,2022-02-05
625,Miss Luxury,Bantam Rooster,Deal Me In,Best of the Midwest,2022-02-05
626,Into The Scenery,Waxwings,Low To The Ground,Best of the Midwest,2022-02-05
627,Whatcha Got?,The Come Ons,The Come Ons,Best of the Midwest,2022-02-05
628,Second Time Around,Reigndance,Problem Factory,Best of the Midwest,2022-02-05
629,I Eat Scum,Beasteater,Beasteater,Best of the Midwest,2022-02-05
630,No Sugar Mama,The Von Bondies,Lack of Communication,Best of the Midwest,2022-02-05
631,Defiled,The New Bomb Turks,At Rope's End,Best of the Midwest,2022-02-05
632,You're On My Mind,Ko & The Knockouts,Ko and The Knockouts,Best of the Midwest,2022-02-05
633,Stay Useless,Cloud Nothings,Attack On Memory,Best of the Midwest,2022-02-05
634,Powder Key Variety,Gaunt,Bricks and Blackouts,Best of the Midwest,2022-02-05
635,Doll Collector,The Chinese Millionaires,Detroit Double Cross,Best of the Midwest,2022-02-05
636,Shiver,The Buzzards,Shiver,Best of the Midwest,2022-02-05
637,Dance Cop,No Men,HELL WAS FULL SO WE CAME BACK,Best of the Midwest,2022-02-05
638,Low Fashion Lovers,Clone Defects,Shape of Venus,Best of the Midwest,2022-02-05
639,She's Trippin,The Orange Roughies,Detroit,Best of the Midwest,2022-02-05
640,Miles (Is A Goner),Slugfest,Eva and the Curse of the Roaming Hand,Best of the Midwest,2022-02-05
641,Make You Mine,The Fondas,Runaway Bombshell,Best of the Midwest,2022-02-05
642,Are You Receiving Me,The Patsys,Both Sides Never,Best of the Midwest,2022-02-05
643,Mal O Sol,Moto Perpétuo,Moto Perpétuo,Superbacana,2022-02-05
644,Matinal,Moto Perpétuo,Moto Perpétuo,Superbacana,2022-02-05
645,Espêlho,Módulo 1000,Não Fale Com Paredes,Superbacana,2022-02-05
646,Isto Não Quer Dizer Nada,Módulo 1000,Big Mama / Isto Não Quer Dizer Nada,Superbacana,2022-02-05
647,A Viagem Das Horas,José Mauro,A Viagem Das Horas,Superbacana,2022-02-05
648,Mar Azul,Som Imaginário,Mantaça do Porco,Superbacana,2022-02-05
649,Armina,Som Imaginário,Matança Do Porco,Superbacana,2022-02-05
650,Gotham City,Os Brazões,Os Brazões,Superbacana,2022-02-05
651,Preciso Urgentemente Encontrar Um Amigo,Os Mutantes,A Divina Comédia Ou Ando Meio Desligado,Superbacana,2022-02-05
652,Quem Tem Medo De Brincar De Amor,Os Mutantes,A Divina Comédia Ou Ando Meio Desligado,Superbacana,2022-02-05
653,Jogo De Calçada,Os Mutantes,A Divina Comédia Ou Ando Meio Desligado,Superbacana,2022-02-05
654,The Cancer Stick,Módulo 1000,Complete Works,Superbacana,2022-02-05
655,Jeep,Erasmo Carlos,Erasmo Carlos E Os Tremendões,Superbacana,2022-02-05
656,Gamboa,Brazilian Octopus,Brazilian Octopus,Superbacana,2022-02-05
657,Canção Latina,Brazilian Octopus,Brazilian Octopus,Superbacana,2022-02-05
658,Big Mama,Módulo 1000,Big Mama / Isto Não Quer Dizer Nada,Superbacana,2022-02-05
659,Sonhar,Luiz Henrique,Mestiço,Superbacana,2022-02-05
660,Jandira,Luiz Henrique,Mestiço,Superbacana,2022-02-05
661,Conversação De Paz,Sérgio Ricardo,Arrebentação,Superbacana,2022-02-05
662,Bala Com Bala,João Bosco,João Bosco,Superbacana,2022-02-05
663,Viva Crioula,Assim Assado,Assim Assado,Superbacana,2022-02-05
664,Agiborê,MPB4,Cicatrizes,Superbacana,2022-02-05
665,"Na Rua, Na Chuva, Na Fazenda",Hyldon,"Na Rua, Na Chuva, Na Fazenda",Superbacana,2022-02-05
666,Bat Macumba,Os Mutantes,Os Mutantes,Superbacana,2022-02-05
667,Amor De Carnaval,Jair Rodrigues,Dois Na Bossa No.3,Superbacana,2022-02-05
668,Fez Bobagem,Nara Leão,Coisas Do Mundo,Superbacana,2022-02-05
669,Tudo De Você,Marcos Valle,"Samba ""Demais""",Superbacana,2022-02-05
670,A Morte De Um Deus De Sal,Marcos Valle,"Samba ""Demais""",Superbacana,2022-02-05
671,Lágrima Flor,Wilson Simonal,"Tem ""Algo Mais""",Superbacana,2022-02-05
672,Saltei De Banda,Elza Soares,Elza Pede Passagem,Superbacana,2022-02-05
673,Sei Lá Mangeiura,Elza Soares,Sambas & Mais Sambas,Superbacana,2022-02-05
674,O Samba Brasileiro,Elza Soares,A Bossa Negra,Superbacana,2022-02-05
675,Perdão,Elza Soares,A Bossa Negra,Superbacana,2022-02-05
676,Edmundo (In The Mood),Elza Soares,Edmundo (In The Mood) / Era Bom,Superbacana,2022-02-05
677,Casa De Turfista... Cavalo De Pau,Elza Soares,Se Acaso Você Chegasse,Superbacana,2022-02-05
678,On the Giant's Belly,Maryam Sirvan,Feast on My Feast,Against the Vile Grain,2022-02-04
679,"Kruschev at The United Nations, 1960 - Featuring Deterge",Junta Cadre,The Enemy is Listening,Against the Vile Grain,2022-02-04
680,The Enemy is Listening - Featuring Striations,Junta Cadre,The Enemy is Listening,Against the Vile Grain,2022-02-04
681,Othered,Like Weeds,Human Free Eden,Against the Vile Grain,2022-02-04
682,Renegade Settlement,Like Weeds,Renegade Settlements,Against the Vile Grain,2022-02-04
683,Momma Shot a Cop,Violent Transition,Momma Shot a Cop,Against the Vile Grain,2022-02-04
684,Sine Glass,Black Sand Desert,Black Sand Desert,Against the Vile Grain,2022-02-04
685,Blackened Ribcage Aviary,FLESHLICKER,Blacked Ribcage Aviary,Against the Vile Grain,2022-02-04
686,SUCKLE,FLESHLICKER,Blacked Ribcage Aviary,Against the Vile Grain,2022-02-04
687,Spineless and Without Substance,Inferior Passions,The Patrician,Against the Vile Grain,2022-02-04
688,Spiritual Provocation,Inferior Passions,The Patrician,Against the Vile Grain,2022-02-04
689,In Hiding,Inferios Passions,The Patrician,Against the Vile Grain,2022-02-04
690,Weaving the Entrails,Gods of Gaps,Split / Chuck Steak,Against the Vile Grain,2022-02-04
691,New Walls,Peasant Farm,Always Rebuilding,Against the Vile Grain,2022-02-04
692,"Purge the Wicked, Purge the Untrue",dB/Mz,Pyre,Against the Vile Grain,2022-02-04
693,Nipas,Hanzo Hasahi,[miniatures],Against the Vile Grain,2022-02-04
694,Linguistic Relativity,Cyclonus,Exalted Divinity,Hellhole,2022-02-04
695,first six tracks,Capitalist Casualties,Capitalist Casualties / Man Is the Bastard,Hellhole,2022-02-04
696,first three tracks,No/Más,Last Laugh,Hellhole,2022-02-04
697,Ice Hag V,Zhothaqquahnyth,Hail Drugs,Hellhole,2022-02-04
698,Ritual Reverence,Skogsfe,Ritual Reverence,Hellhole,2022-02-04
699,Mere Humans,Jupiterian,Protosapien,Hellhole,2022-02-04
700,We All Die Laughing,The Angelic Process,Weighing Souls With Sand,Hellhole,2022-02-04
701,Isolation Turned Into Cannibalism,Cenotaph,Precognition to Eradicate,Hellhole,2022-02-04
702,"Father, You’re Not A Father",Immolation,Close to a World Below,Hellhole,2022-02-04
703,Ἔραζε,Ὁπλίτης,Ἡ εἰκών,Hellhole,2022-02-04
704,“Gathering of the Archangels”,Ifernach,Capitulation of All Life,Hellhole,2022-02-04
705,Phantom Force,Havok,V,Hellhole,2022-02-04
706,The Elder Things,The Great Old Ones,Tekeli-Li,Hellhole,2022-02-04
707,Christian Woman,Type O Negative,Bloody Kisses,Hellhole,2022-02-04
708,Moving Day,Gagmesharkoff,The Back-In Club (Vol. 2),The New Afternoon Show,2022-02-04
709,Ketamine,linoleleum,the big sad,The New Afternoon Show,2022-02-04
710,Mary Alley,Wet Makeup,Single French Hybrids,The New Afternoon Show,2022-02-04
711,The Hunter,SS ON LS,The Better World,The New Afternoon Show,2022-02-04
712,URAQT,Other Moods,Sampled & Circuit Bent,The New Afternoon Show,2022-02-04
713,Kiss me first,Strong Eyes,Kiss me first,The New Afternoon Show,2022-02-04
714,Yung Savage,Astropope,Fancy Names for Fancy People,The New Afternoon Show,2022-02-04
715,NIE MA TEGO ZŁEGO,BZDET,NIEPOKOJE,The New Afternoon Show,2022-02-04
716,Cool Boy and the Sunglasses Shark,Gagmesharkoff,The Back-In Club (Vol. 1),The New Afternoon Show,2022-02-04
717,Dance With My Reaper,Military Shadow,Violent Reign,The New Afternoon Show,2022-02-04
718,Cigarette Breath,Care Home,Assisted Living (Part 1),The New Afternoon Show,2022-02-04
719,Adventure Island,Other Moods,Optigan Island,The New Afternoon Show,2022-02-04
720,Web Ettiquette,Plot Twist,Wait For It...,The New Afternoon Show,2022-02-04
721,Stay,Ian Edwards,What Makes You So Special?,The New Afternoon Show,2022-02-04
722,DESTRUYAMOS,PRIMERA DOSIS,EL DIA QUE EL PUNK MADRUGO,The New Afternoon Show,2022-02-04
723,Lost & Found,The Snouts,The Snouts,The New Afternoon Show,2022-02-04
724,Eighth Deadly Sin,Mentalease,Eighth Deadly Sin,The New Afternoon Show,2022-02-04
725,Fleeting,Ottelarke,Flymoon,The New Afternoon Show,2022-02-04
726,Mat #3,Max Faraon,Materiali Dinamici,The New Afternoon Show,2022-02-04
727,Ever!,Lucky Lo,Supercarry,The New Afternoon Show,2022-02-04
728,rat,Wastemen,PODKULACHNIK,The New Afternoon Show,2022-02-04
729,I Am Kate Moss,DITZ,The Great Regression,The New Afternoon Show,2022-02-04
730,Scab,Jack MacSween,Deathfelt in Make-Up,The New Afternoon Show,2022-02-04
731,Jet-Black Wings,Wulven,this earth is consuming us,The New Afternoon Show,2022-02-04
732,Billy,SO TIRED,SO TIRED DEMOS VOL. 2,The New Afternoon Show,2022-02-04
733,Hringvegur,Heisenberg,Lunazione,The New Afternoon Show,2022-02-04
734,"walk on the mud, panic, die.",Cheap Caffeine,Derailed,The New Afternoon Show,2022-02-04
735,Convulsed,Oneroom,For Years a Ghost,The New Afternoon Show,2022-02-04
736,Ouve Voces,Cama Rosa,Recusa,The New Afternoon Show,2022-02-04
737,Closer to Hell,PoT/MaN,PoT/MaN EP,The New Afternoon Show,2022-02-04
738,Zyuhoq & Ywyzwol,LEZET,Ugly Game Music,The New Afternoon Show,2022-02-04
739,Je ne crois pas au hazard,10Konekt,Hystérie collective EP,The New Afternoon Show,2022-02-04
740,Cthaat,Phase IV,The Color of Space,The New Afternoon Show,2022-02-04
741,Crimson Sky,Wings of the ISANG,THE POST-ROCK,The New Afternoon Show,2022-02-04
742,FOX,Class War Imprint,Illusion of Choice,The New Afternoon Show,2022-02-04
743,Formant,Kippi Kaninus,Temperaments,The New Afternoon Show,2022-02-04
744,Arecibo Message,Hanzo Hasashi,[miniatures],The New Afternoon Show,2022-02-04
745,Snow Globes,"Black Country, New Road",Ants From Up There,The New Afternoon Show,2022-02-04
746,Side A,Sunfazer,DIY STOPIA,The New Afternoon Show,2022-02-04
747,Electric,yeule,Glitch Princess,The Sound Between,2022-02-04
748,Eyes,yeule,Glitch Princess,The Sound Between,2022-02-04
749,Perfect Blue ft. Tohji,yeule,Glitch Princess,The Sound Between,2022-02-04
750,Fragments,yeule,Glitch Princess,The Sound Between,2022-02-04
751,Bites on My Neck,yeule,Glitch Princess,The Sound Between,2022-02-04
752,I <3 U,yeule,Glitch Princess,The Sound Between,2022-02-04
753,"Valentine, Texas",Mitski,Laurel Hell,The Sound Between,2022-02-04
754,Stay Soft,Mitski,Laurel Hell,The Sound Between,2022-02-04
755,Everyone,Mitski,Laurel Hell,The Sound Between,2022-02-04
756,There's Nothing Left Here for You,Mitski,Laurel Hell,The Sound Between,2022-02-04
757,Should've Been Me,Mitski,Laurel Hell,The Sound Between,2022-02-04
758,I Guess,Mitski,Laurel Hell,The Sound Between,2022-02-04
759,That's Our Lamp,Mitski,Laurel Hell,The Sound Between,2022-02-04
760,Good Will Hunting,"Black Country, New Road",Ants From Up There,The Sound Between,2022-02-04
761,Haldern,"Black Country, New Road",Ants From Up There,The Sound Between,2022-02-04
762,Mark’s Theme,"Black Country, New Road",Ants From Up There,The Sound Between,2022-02-04
763,The Place Where He Inserted the Blade,"Black Country, New Road",Ants From Up There,The Sound Between,2022-02-04
764,Basketball Shoes,"Black Country, New Road",Ants From Up There,The Sound Between,2022-02-04
765,Dragon Slayer,Animal Collective,Time Skiffs,The Sound Between,2022-02-04
766,Car Keys,Animal Collective,Time Skiffs,The Sound Between,2022-02-04
767,Cherokee,Animal Collective,Time Skiffs,The Sound Between,2022-02-04
768,Passer-by,Animal Collective,Time Skiffs,The Sound Between,2022-02-04
769,Royal and Desire,Animal Collective,Time Skiffs,The Sound Between,2022-02-04
770,Goth,SIDEWALKS AND SKELETONS,White Light,Baba Yaga's Cauldron,2022-02-04
771,Vanisher,CABLE,Vanisher,Baba Yaga's Cauldron,2022-02-04
772,Stereo Love,my!lane,Stereo Love,Baba Yaga's Cauldron,2022-02-04
773,cantleaveheralone,𝘏𝘓𝘍𝘔𝘚𝘚𝘋,cantleaveheralone,Baba Yaga's Cauldron,2022-02-04
774,leave me alone,S4DWRIST,leave me alone,Baba Yaga's Cauldron,2022-02-04
775,✧ swear ✧,cry 4 me,✧ swear ✧,Baba Yaga's Cauldron,2022-02-04
776,PRINCE OF DARKNESS,"SHADXWBXRN, ARCHEZ, KXNVRA",PRINCE OF DARKNESS,Baba Yaga's Cauldron,2022-02-04
777,Winter Melancholy,"ARGXNTUM, PANICX",Winter Melancholy,Baba Yaga's Cauldron,2022-02-04
778,BREAK THE LIMIT,GHIDEMORA,BREAK THE LIMIT,Baba Yaga's Cauldron,2022-02-04
779,MURDER IN MY MIND,KORDHELL,MURDER IN MY MIND,Baba Yaga's Cauldron,2022-02-04
780,kim - nightexpress w/ Øneheart (faster version),everyours.,kim - nightexpress w/ Øneheart (faster version),Baba Yaga's Cauldron,2022-02-04
781,life☻worth☻living,sewnfkt,life☻worth☻living,Baba Yaga's Cauldron,2022-02-04
782,not here to hurt anyone,S4DWRIST,not here to hurt anyone,Baba Yaga's Cauldron,2022-02-04
783,i still see your eyes on my ceiling,S4DWRIST,i still see your eyes on my ceiling,Baba Yaga's Cauldron,2022-02-04
784,Kerosene,Crystal Castles,(III),Baba Yaga's Cauldron,2022-02-04
785,Transgender,Crystal Castles,(III),Baba Yaga's Cauldron,2022-02-04
786,CROWN,CROSSPARTY,CROWN,Baba Yaga's Cauldron,2022-02-04
787,Supanova,Sensi Affect,Playback,Baba Yaga's Cauldron,2022-02-04
788,; Grátur Víðir. part.2,where swans will weep,; Grátur Víðir. part.2,Baba Yaga's Cauldron,2022-02-04
789,"⨯ Shirenvasea - sejjer, sejjer, marret",⠱⠬snybun,"⨯ Shirenvasea - sejjer, sejjer, marret",Baba Yaga's Cauldron,2022-02-04
790,crying with the mirrors w/ Lucyfxr,prxpvne,crying with the mirrors w/ Lucyfxr,Baba Yaga's Cauldron,2022-02-04
791,h e a r t b u r n,ssuupra,h e a r t b u r n,Baba Yaga's Cauldron,2022-02-04
792,næumā,princess's guilt,næumā,Baba Yaga's Cauldron,2022-02-04
793,out of vodka,fur:trash,out of vodka,Baba Yaga's Cauldron,2022-02-04
794,it's an omen (i'm GOD but with a twist),Mirtt,it's an omen (i'm GOD but with a twist),Baba Yaga's Cauldron,2022-02-04
795,GOD SEES ALL,2232,GOD SEES ALL,Baba Yaga's Cauldron,2022-02-04
796,Like A Prayer/Vacation Bible School - EU RMX,edith underground,Like A Prayer/Vacation Bible School - EU RMX,Baba Yaga's Cauldron,2022-02-04
797,Desire,BLAME VENUS,Desire,Baba Yaga's Cauldron,2022-02-04
798,Trust Again,BLAME VENUS,Trust Again,Baba Yaga's Cauldron,2022-02-04
799,Venom,DEAD FE†US,Venom,Baba Yaga's Cauldron,2022-02-04
800,LOVES ME NOT,Pornografairy,LOVES ME NOT,Baba Yaga's Cauldron,2022-02-04
801,Kiss Me More (Mirtt DnB Remix),Mirtt,Kiss Me More (Mirtt DnB Remix),Baba Yaga's Cauldron,2022-02-04
802,ghast voices,crafter2011,ghast voices,Baba Yaga's Cauldron,2022-02-04
803,♥IN DA RAVE GO 4EVA N EVA♥,Lil Bongwater,♥IN DA RAVE GO 4EVA N EVA♥,Baba Yaga's Cauldron,2022-02-04
804,Bohemian Like You,The Dandy Warhols,Thirteen Tales From Urban Bohemia,The Antidote,2022-02-04
805,Ono Yoko,The Jesus and Mary Chain,Damage and Joy (Deluxe),The Antidote,2022-02-04
806,Who Has Seen the Wind?,"David Bowie, Yo La Tengo",Who Has Seen the Wind?,The Antidote,2022-02-04
807,Plastic Beach,"Gorillaz, ft. ft. Mick Jones and Paul Simonon",Plastic Beach,The Antidote,2022-02-04
808,Paper Planes,M.I.A.,Kala,The Antidote,2022-02-04
809,Spanish Bomb,Hinds,Spanish Bombs,The Antidote,2022-02-04
810,This Charming Man,Death Cab For Cutie,You Can Play These Songs With Chords,The Antidote,2022-02-04
811,"Yoshimi Battles the Pink Robots, pt. 1",The Flaming Lips,Yoshimi Battles the Pink Robots,The Antidote,2022-02-04
812,Ladies,Fiona Apple,Fetch the Bolt Cutters,The Antidote,2022-02-04
813,80’s Comedown Machine,The Strokes,Comedown Machine,The Antidote,2022-02-04
814,Stoned and Starving,Parquet Courts,Light Up Gold,The Antidote,2022-02-04
815,The Skin of My Yellow Country Teeth,Clap Your Hands Say Yeah,Clap Your Hands Say Yeah,The Antidote,2022-02-04
816,Everyone’s a V.I.P to Someone,The Go! Team,"Thunder, Lightning, Strike",The Antidote,2022-02-04
817,It Takes Time to Be a Man,The Rapture,In the Grace of Your Love,The Antidote,2022-02-04
818,Army of Me,Björk,Voltaic,The Antidote,2022-02-04
819,Surrounded by Heads and Bodies,The 1975,A Brief Inquiry Into Online Relationships,The Antidote,2022-02-04
820,We’ve Been Had,The Walkmen,Everyone Who Pretended To Like Me Is Gone,The Antidote,2022-02-04
821,How Not to Drown,"CHVRCHES, Robert Smith",How Not to Drown,The Antidote,2022-02-04
822,You’ll Miss Me When I’m Not Around,Grimes,Miss Anthropocene,The Antidote,2022-02-04
823,Do You Love Me Still?,The Kooks,Inside In / Inside Out,The Antidote,2022-02-04
824,"New York, I Love You but You’re Bringing Me Down",LCD Soundsystem,Sound of Silver,The Antidote,2022-02-04
825,Shoot the Poets,The Cribs,"Men’s Needs, Women’s Needs, Whatever",The Antidote,2022-02-04
826,I Can’t Give Everything Away,David Bowie,Blackstar,The Antidote,2022-02-04
827,Reflektor,Arcade Fire,Reflektor,The Antidote,2022-02-04
828,No Perfect Vibe,OV,,Nonlinear,2022-02-03
829,Good Love (feat. Tay Iwar),Tamera,Moonshyne Music Limited under exclusive license to AWAL Recordings Ltd,Nonlinear,2022-02-03
830,Show You,Cxrno,,Nonlinear,2022-02-03
831,If You Don't Mind,Ras-I,,Nonlinear,2022-02-03
832,You Can Be,"Diamond Ice, Jahvillani",,Nonlinear,2022-02-03
833,Restart,Tofa Jaxx,,Nonlinear,2022-02-03
834,Rockaz,"Coutain, Brooklyn Decent",their joint EP G Syde Tape,Nonlinear,2022-02-03
835,Rockaz,"Coutain, Brooklyn Decent",their joint EP G Syde Tape,Nonlinear,2022-02-03
836,Sign Your Name,Aisha Noel,Project Spotlight,Nonlinear,2022-02-03
837,Comma,Blizz,,Nonlinear,2022-02-03
838,Big Boss,Monéa,,Nonlinear,2022-02-03
839,Blessings a Flow,"Jah Lex, Busy Signal",,Nonlinear,2022-02-03
840,Blessings a Flow,"Jah Lex, Busy Signal",,Nonlinear,2022-02-03
841,Jolene,"Kes, KES the Band, Dwala",,Nonlinear,2022-02-03
842,Big Up You,"Coutain, Brooklyn Decent, $teevoo",the EP G Syde Tape,Nonlinear,2022-02-03
843,Shisha,"Afro B, Niniola, Busiswa",,Nonlinear,2022-02-03
844,Energy,"King Sammy, PsychoYP",,Nonlinear,2022-02-03
845,La La Laa,"Yaadcore, Sarah Couch",,Nonlinear,2022-02-03
846,LImelight,Mellissa,,Nonlinear,2022-02-03
847,Victim,Ikayh,,Nonlinear,2022-02-03
848,History,Bugle,,Nonlinear,2022-02-03
849,Ababio,Kojo Owiredu,,Nonlinear,2022-02-03
850,Ababio,Kojo Owiredu,,Nonlinear,2022-02-03
851,Thunderstorm in Surulere,Lady Donli,,Nonlinear,2022-02-03
852,Dingolay,"Mical Teja, Nailah Blackman",,Nonlinear,2022-02-03
853,The Greatest,"Blvk H3ro, Something D'Lux",,Nonlinear,2022-02-03
854,Choplife (feat. Patoranking),King Promise,,Nonlinear,2022-02-03
855,Realest Thing,"Aisha Noel, Olatunji",,Nonlinear,2022-02-03
856,All I Need,Kerwin Du Bois,,Nonlinear,2022-02-03
857,Closer,"Tee-Y Mix, Moelogo, Oxlade",,Nonlinear,2022-02-03
858,Dangerous,Imani Ray,,Nonlinear,2022-02-03
859,Miniskirt,Raebel,,Nonlinear,2022-02-03
860,Ellis Island,"Meredith Monk, Bruce Brubaker, Ursula Oppens",Meredith Monk: Piano Songs,Classy and Sassy,2022-02-03
861,Porcelain,Lavinia Meijer,Porcelain,Classy and Sassy,2022-02-03
862,"Préludes / Book 1, L.117: 8. La fille aux cheveaux des lins","Claude Debussy, Pierre-Laurent Aimard",Debussy: Préludes Book 1 & 2,Classy and Sassy,2022-02-03
863,"Préludes / Book 1, L. 117: 2. Voiles","Claude Debussy, Pierre-Laurent Aimard",Debussy: Préludes Book 1 & 2,Classy and Sassy,2022-02-03
864,"Préludes / Book 1, L. 117: 10. La cathédral engloutie","Claude Debussy, Pierre-Laurent Aimard",Debussy: Préludes Book 1 & 2,Classy and Sassy,2022-02-03
865,The Landslide,Hannah Epperson,The Landslide,Classy and Sassy,2022-02-03
866,"Negro Folk Songs in Counterpoint: No. 3, Drink to Me Only with Thine Eyes","Florence Beatrice Price, Apollo Chamber Players",Blurred Boundaries,Classy and Sassy,2022-02-03
867,Hallonlandet (Reimagined by Manu Delago),"Henrik Lindstrand, Manu Delago",Reimagined,Classy and Sassy,2022-02-03
868,Flowers Through Concrete,Chloe Flower,Chloe Flower,Classy and Sassy,2022-02-03
869,Home Is,"Jacob Collier, Voces8",Djesse Vol. 1,Classy and Sassy,2022-02-03
870,3 Visions: No. 1. Aqua,"Akira Nishimura, Mieko Takizawa",Japanese Contemporary Music,Classy and Sassy,2022-02-03
871,3 Visions: No. 2. Flame,"Akira Nishimura, Mieko Takizawa",Japanese Contemporary Music,Classy and Sassy,2022-02-03
872,3 Visions: No. 3. Invoker,"Akira Nishimura, Mieko Takizawa",Japanese Contemporary Music,Classy and Sassy,2022-02-03
873,Sound Patterns,"Pauline Oliveros, Brandies University Chamber Chorus, Alvin Lucier",Extended Voices,Classy and Sassy,2022-02-03
874,Earth Song,"Frank Ticheli, Seraphic Fire, Patrick Dupre Quigley",Reincarnations: A Century of American Choral Music,Classy and Sassy,2022-02-03
875,Circuits,Cindy McTee,,Classy and Sassy,2022-02-03
876,Four Aspects,Daphne Oram,Amphitryon 38,Classy and Sassy,2022-02-03
877,Helium,Dahl Haus,Helium,The New Afternoon Show,2022-02-03
878,Keepsake,Wildsleep,Keepsake,The New Afternoon Show,2022-02-03
879,Desperately Seeking Answers,all under heaven,Collider,The New Afternoon Show,2022-02-03
880,Cricket Songs,Phantom Handshakes,No More Summer Songs,The New Afternoon Show,2022-02-03
881,My Idea,Cry Mfer,Cry Mfer,The New Afternoon Show,2022-02-03
882,Snowdrop,Lola Star,Lola Star,The New Afternoon Show,2022-02-03
883,Painkillers,Lola Star,Lola Star,The New Afternoon Show,2022-02-03
884,Attention,Lola Star,Lola Star,The New Afternoon Show,2022-02-03
885,L S,Lola Star,Lola Star,The New Afternoon Show,2022-02-03
886,"So Close, but Still So Far Away",Gilah,From Where I'm Standing,The New Afternoon Show,2022-02-03
887,Steady Crushin,TVOD,Steady Crushin,The New Afternoon Show,2022-02-03
888,Deer in the Headlights,Ok Cowgirl,Not My First Rodeo,The New Afternoon Show,2022-02-03
889,Hikikomori - demo,Wince,Hikikomori (demo),The New Afternoon Show,2022-02-03
890,Never Nowhere,Maneka,Devin,The New Afternoon Show,2022-02-03
891,Funny Water,vern matz,Perennial,The New Afternoon Show,2022-02-03
892,echo chamber\,corporeal,echo chamber,The New Afternoon Show,2022-02-03
893,Infinity Pool,MJ Lenderman,Ghost of Your Guitar Solo,The New Afternoon Show,2022-02-03
894,The Smoke,The Smile,The Smoke,The New Afternoon Show,2022-02-03
895,Suddenly,Salami Rose Joe Louis,Zdenka 2080,The New Afternoon Show,2022-02-03
896,Burnt Almonds,Mute Swan,Only Ever,The New Afternoon Show,2022-02-03
897,free press and curl,Shabazz Palaces,Black Up,The New Afternoon Show,2022-02-03
898,The Two of Us (feat. Sky Ferreira),The Jesus and Mary Chain,Damage and Joy (Deluxe),The New Afternoon Show,2022-02-03
899,All I Need,Wiki,Half God,The New Afternoon Show,2022-02-03
900,Snow Globes,"Black Country, New Road",Snow Globes,The New Afternoon Show,2022-02-03
901,Time,Pom Poko,This Is Our House,The New Afternoon Show,2022-02-03
902,Cannibal Capital,Guerilla Toss,Cannibal Capital,The New Afternoon Show,2022-02-03
903,Say It,SASAMI,Say It,The New Afternoon Show,2022-02-03
904,Unseasonable Warmth,EXEK,Unseasonable Warmth,The New Afternoon Show,2022-02-03
905,Unseasonable Warmth,EXEK,Unseasonable Warmth,The New Afternoon Show,2022-02-03
906,HeatDeath,Suave Punk,HeatDeath,The New Afternoon Show,2022-02-03
907,Reverie,Beautify Junkyards,Cosmorama,The New Afternoon Show,2022-02-03
908,White Halls,Traps PS,Prim Dicer,The New Afternoon Show,2022-02-03
909,You Are Not An Island,Vanishing Twin,The Age Of Immunology,The New Afternoon Show,2022-02-03
910,Company Jeep,Mesh,Mesh,The New Afternoon Show,2022-02-03
911,The Micro Disneycal World Tour,Cornelius,Fantasma (Remastered),The New Afternoon Show,2022-02-03
912,Umi No Ue Kara,Yasuaki Shimizu,Kakashi,The New Afternoon Show,2022-02-03
913,Umi No Ue Kara,Yasuaki Shimizu,Kakashi,The New Afternoon Show,2022-02-03
914,Time Escaping,Big Thief,No Reason / Spud Infinity,The New Afternoon Show,2022-02-03
915,Never Ending Game - Panda Bear Remix,Angel Du$t,Bigger House,The New Afternoon Show,2022-02-03
916,1994,Jade Bird,Different Kinds of Light,The Sound Between,2022-02-03
917,I Can't Dance,My Idea,That's My Idea,The Sound Between,2022-02-03
918,Hope It's You,Beauty Queen,Hope It's You,The Sound Between,2022-02-03
919,Ribbon Around The Bomb,Blossoms,Ribbon Around The Bomb,The Sound Between,2022-02-03
920,Caroline,Lowell,Caroline,The Sound Between,2022-02-03
921,Steve,Sydney Sprague,Sydney Sprague on Audiotree Live,The Sound Between,2022-02-03
922,Alone,Fickle Friends,Are We Gonna Be Okay?,The Sound Between,2022-02-03
923,Are We Having Any Fun?,Sir Sly,The Rise & Fall of Loverboy,The Sound Between,2022-02-03
924,Top 5,Tokyo Police Club,Top 5,The Sound Between,2022-02-03
925,World's Worst,Hana Vu,Public Storage,The Sound Between,2022-02-03
926,Be Sweet,Japanese Breakfast,Live at Electric Lady,The Sound Between,2022-02-03
927,Fall Out of Love,Salem (feat. Carlie Hanson),Fall Out of Love,The Sound Between,2022-02-03
928,Berlin - Live,Adult Mom,Driver (Live from Headroom Studios),The Sound Between,2022-02-03
929,Do You See The Light Around Me?,Uwade,Do You See The Light Around Me?,The Sound Between,2022-02-03
930,Laisse tomber les filles,"So Frenchy So Chic, Odette",Laisse tomber les filles,The Sound Between,2022-02-03
931,Blue Bird,Big Violin Player,Big!,The Sound Between,2022-02-03
932,2025,levitation room,Headspace,The Sound Between,2022-02-03
933,Perfect Wife,Tasha,Tell Me What You Miss The Most,The Sound Between,2022-02-03
934,Open Me Up,Geowulf,Open Me Up,The Sound Between,2022-02-03
935,Annie,The Dodos,Grizzly Peak,The Sound Between,2022-02-03
936,The One Who Got Away,TAPE TOY,"Honey, WTF?",The Sound Between,2022-02-03
937,Connection,The Kooks,"Connection - Echo in the Dark, Pt.1",The Sound Between,2022-02-03
938,Jonathan,Annie DiRusso,Jonathan,The Sound Between,2022-02-03
939,What The Hell Is Going On?,Another Michael,What The Hell Is Going On? (Cordova Sessions),The Sound Between,2022-02-03
940,Easy - bonus track,Sun June,Somewhere (Expanded),The Sound Between,2022-02-03
941,World's Unluckiest Guy,"Swin Deep, Hatchie",World's Unluckiest Guy,The Sound Between,2022-02-03
942,Fake,Chastity Belt,Fake / Fear,The Sound Between,2022-02-03
943,Fear,Chastity Belt,Fake / Fear,The Sound Between,2022-02-03
944,Is There A Place I Can Go,Trudy and the Romance,Junkyard Jazz,The Sound Between,2022-02-03
945,Am I Really Going To Die,White Lies,Am I Really Going To Die,The Sound Between,2022-02-03
946,dollah bills,AUDREY NUNA,,Monotonic,2022-02-02
947,In My World,MIKE,,Monotonic,2022-02-02
948,Sun,Bladee & Mechatok,,Monotonic,2022-02-02
949,101 FM,Little Simz,,Monotonic,2022-02-02
950,SportsCenter (feat. Designer Flow) [Remix],Snoop Dogg,,Monotonic,2022-02-02
951,"Just Begun (feat. Jay Electronica, J. Cole, Mos Def)",Talib Kweli & Hi-Tek,,Monotonic,2022-02-02
952,Easy Rider,Action Bronson,,Monotonic,2022-02-02
953,9 - 24 - 13 (feat. Big Body Bes),Action Bronson,,Monotonic,2022-02-02
954,Bounce (Douvelle19 edit),"Frisco, Skepta, JME",,Monotonic,2022-02-02
955,HIASDUC,Junie,,Monotonic,2022-02-02
956,BACCNBLOOD.,Junie,,Monotonic,2022-02-02
957,LAW OF AVERAGES,Vince Staples,,Monotonic,2022-02-02
958,Where Do I Go (Bbq Music),Max B,,Monotonic,2022-02-02
959,U Were Always pt. 2 (feat Skepta),Wiley,,Monotonic,2022-02-02
960,Love Me For Me?,Headie One,,Monotonic,2022-02-02
961,Beware of the Stare,Ghostface Killah & Adrian Younge,,Monotonic,2022-02-02
962,Wonder Why,Medhane & Lord Apex,,Monotonic,2022-02-02
963,No Laughing Matter,Boldy James & The Alchemist,,Monotonic,2022-02-02
964,Lonely,Danny Brown,,Monotonic,2022-02-02
965,Hunger,MIKE,,Monotonic,2022-02-02
966,Let's Go (Space Boogie) [feat. Shape of Broad Minds & Jawwaad] [Black Noi$e Remix] - Single,"MF DOOM, Jneiro Jarel, Black Noi$e",,Monotonic,2022-02-02
967,Gon Be Okay,Lil B,,Monotonic,2022-02-02
968,Accelerator (feat. Danny Brown),Paul White,,Monotonic,2022-02-02
969,He's The Greatest Dancer,Sister Sledge,We Are Family,Moe Town Records,2022-02-02
970,Body Moves,Rare Essence,"Greatest Hits, Vol. I",Moe Town Records,2022-02-02
971,Joyous,Pleasure,The Greatest of Pleasure,Moe Town Records,2022-02-02
972,Can You Get It (Suzie Caesar),Mandrill,Fencewalk: The Anthology,Moe Town Records,2022-02-02
973,It Don't Mean A Thing - If It Don't Got The Gogo Swing,Chuck Brown and the Soul Searchers,Gogo Swing (Live),Moe Town Records,2022-02-02
974,Let's Start To Dance - Part II,Bohannon,Let''s Start To Dance Again,Moe Town Records,2022-02-02
975,Tiger Baby,Silver Convention,Save Me,Moe Town Records,2022-02-02
976,Rock De La Stet,Stetsasonic,On Fire,Moe Town Records,2022-02-02
977,I Want Your Love,CHIC,C'est Chic,Moe Town Records,2022-02-02
978,Could Heaven Ever Be Like This,Idris Muhammad,Turn This Mutha Out,Moe Town Records,2022-02-02
979,L'Apres-Midi,Felicia Atkinson,The Flower And The Vessel,The Sound Between,2022-02-02
980,Kissing in the Park,Devin Shaffer,In My Dreams I'm There,The Sound Between,2022-02-02
981,Dreams,Solange,When I Get Home,The Sound Between,2022-02-02
982,Deaf,Just Mustard,Wednesday,The Sound Between,2022-02-02
983,Riding the Wave,"Immersion, Laetitia Sadier","Nanocluster, Vol.1",The Sound Between,2022-02-02
984,What Has Happened - Edit,Tonstartssbandht,Petunia,The Sound Between,2022-02-02
985,Out Loud,Renée Reed,Renée Reed,The Sound Between,2022-02-02
986,Little Flower Dance,Renée Reed,Renée Reed,The Sound Between,2022-02-02
987,Till It's Done (Tutu),D'Angelo,Black Messiah,The Sound Between,2022-02-02
988,NITRO GIRLS 2,"Dean Blunt, Joanne Robertson",Roaches 2012-2019,The Sound Between,2022-02-02
989,February,John FM,American Spirit EP,The Sound Between,2022-02-02
990,Girl Boy,Blonde Redhead,Masculin Féminin,The Sound Between,2022-02-02
991,Spectacle Of Ritual,Kali Malone,The Sacrificial Code,The Sound Between,2022-02-02
992,Shirley Don't,April Magazine,If the Ceiling Were a Kite Vol. 1,The Sound Between,2022-02-02
993,Time Trials,Flowertown,Time Trials,The Sound Between,2022-02-02
994,eterné,Richard Bundy,Möbius,The Sound Between,2022-02-02
995,This Is The Number of Times I Said I Will but Didn't (4 Track Demo),Blonde Redhead,Masculin Féminin,The Sound Between,2022-02-02
996,Thaw,Bnny,Everything,The Sound Between,2022-02-02
997,You Little Nothing,Hélène Barbier,Regulus,The Sound Between,2022-02-02
998,Sweat Forever,Lily Konigsberg,Lily We Need to Talk Now,The Sound Between,2022-02-02
999,Hazel Starling,Soda Lite,Aqua Solar Cura,The Sound Between,2022-02-02
1000,Venus,Ana Roxanne,Because of a Flower,The Sound Between,2022-02-02
1001,Bidayat (Holocene),Maurice Louca,Saet El Hazz (The Luck Hour),The Sound Between,2022-02-02
1002,Tonnerre mes chiens,Renée Reed,J'ai rêvé,The Sound Between,2022-02-02
1003,Acequia,Soda Lite,Aqua Solar Cura,The Sound Between,2022-02-02
1004,J'ai Trouvé,Renée Reed,J'ai rêvé,The Sound Between,2022-02-02
1005,No More,Gary Minott,,Tunnel One,2022-02-01
1006,"Get Up, Stand Up",Peter Tosh,,Tunnel One,2022-02-01
1007,Pimper's Paradise,Bob Marley & The Wailers,,Tunnel One,2022-02-01
1008,Rumours,Gregory Issacs,,Tunnel One,2022-02-01
1009,Morning Ride,Yellowman,,Tunnel One,2022-02-01
1010,Bam Bam,Toots & The Maytals,,Tunnel One,2022-02-01
1011,Reggae Ambassador,Third World,,Tunnel One,2022-02-01
1012,Dreadlocks Girl/ She Never Love Me So,Sammy Dread & Tappa Zukie,,Tunnel One,2022-02-01
1013,Ice Cream Love,Johnny Osbourne,,Tunnel One,2022-02-01
1014,Mr. Landlord,Half Pint,,Tunnel One,2022-02-01
1015,Sycamore Tree,Lady Saw,,Tunnel One,2022-02-01
1016,Tidal Wave,Frankie Paul,,Tunnel One,2022-02-01
1017,Money In My Pocket,Dennis Brown,,Tunnel One,2022-02-01
1018,One Draw,Rita Marley,,Tunnel One,2022-02-01
1019,Guajira Sicodélica,Los Destellos,Sicodélico,Son del Caribe,2022-02-01
1020,Volando Con Los Destellos,Los Destellos,Sicodélico,Son del Caribe,2022-02-01
1021,El Bajo,Tito Puente,Baila Simon,Son del Caribe,2022-02-01
1022,Cuando Estoy Contigo,Celia Cruz,A Todos Mis Amigos,Son del Caribe,2022-02-01
1023,Arrecotín Arrecotán,"Ismael Rivera, Cortijo y Su Combo",Con Todos Los Hierros: Everything But The Kitchen Sink,Son del Caribe,2022-02-01
1024,Achilipú,El Gran Combo de Puerto Rico,Sin Salsa No Hay Paraíso,Son del Caribe,2022-02-01
1025,Ahi Ahi,Vicente Garcia,Candela,Son del Caribe,2022-02-01
1026,El Niágra en Bicicleta,Juan Luis Guerra 4.40,Asondeguerra Tour (En Vivo desde El Estadio Olimpico),Son del Caribe,2022-02-01
1027,Universos paralelos,"Jorge Drexler, Ana Tijoux",Bailar en la cueva,Son del Caribe,2022-02-01
1028,Cumbiera Intelectual,Kevin Johansen,Sur or No Sur,Son del Caribe,2022-02-01
1029,Caramelo,La Lá,"""Zamba Puta""",Son del Caribe,2022-02-01
1030,Ahora,Bomba Estéreo,Deja,Son del Caribe,2022-02-01
1031,Cariñito,"Ruzzi, Ximena Sariñana",Cariñito,Son del Caribe,2022-02-01
1032,Aire Soy (feat. Ximena Sariñana),"Miguel Bose, Ximena Sariñana",Papitwo,Son del Caribe,2022-02-01
1033,Me Pregunto,Belanova,Dulce Beat,Son del Caribe,2022-02-01
1034,Duele El Amor,"Aleks Syntek, Ana Torroja",Mundo Lite,Son del Caribe,2022-02-01
1035,Ni Freud Ni Tu Mamá,Belinda,Utopia 2,Son del Caribe,2022-02-01
1036,Dia De Enero,Shakira,"Fijación Oral, Vol 1",Son del Caribe,2022-02-01
1037,Váyanse Todos a Mamá,"Rawayana, Los Amigos Invisibles, Cheo",Cuando Los Acéfalos Predominan,Son del Caribe,2022-02-01
1038,Tocarte,"Jorge Drexler, C. Tangana",Tocarte,Son del Caribe,2022-02-01
1039,Tu Me Dejaste De Querer,C. Tangana,El Madrileño,Son del Caribe,2022-02-01
1040,La Zona,Bad Bunny,YHLQMDLG,Son del Caribe,2022-02-01
1041,"Aria - Holy Saint, Holy Spirit",Takahiro Unisuga,,999 RETURNS,2022-02-01
1042,Do Ya Like It (Body & SOUL Dub),Blue 6,,999 RETURNS,2022-02-01
1043,SAD B!TCH,CLIP,,999 RETURNS,2022-02-01
1044,Tryna Get Down,Playboi Carti,,999 RETURNS,2022-02-01
1045,2012 Summer,Lucki,,999 RETURNS,2022-02-01
1046,Psycodrama Women (Psycho Mix),Pastilla,,999 RETURNS,2022-02-01
1047,Mirame,La Goony Chonga,,999 RETURNS,2022-02-01
1048,"Gucci on My (feat. 21 Savage, YG, & Migos)",Mike WiLL Made-It,,999 RETURNS,2022-02-01
1049,This is Dub,Grace Jones,,999 RETURNS,2022-02-01
1050,Make Me Better (feat. Ne-Yo),Fabolous,,999 RETURNS,2022-02-01
1051,Nu Odyssey (Ham & Eggs Dub),Departure Lounge,,999 RETURNS,2022-02-01
1052,Reversion,Akina Nakamori,,999 RETURNS,2022-02-01
1053,"ART, AESTHETICS, AND MONEY - NEW TRICKS (feat. Vince Staples)",Kilo Kish,,999 RETURNS,2022-02-01
1054,IT DOESN'T MATTER TWO (Instrumental),Depeche Mode,,999 RETURNS,2022-02-01
1055,Milano Bossa (Official Remastered Version),Aqua Bassino,,999 RETURNS,2022-02-01
1056,Arya (feat. A$AP Rocky),Nigo,,999 RETURNS,2022-02-01
1057,I A DO IT,Doe Boy,,999 RETURNS,2022-02-01
1058,Whispers,Subjoi,,999 RETURNS,2022-02-01
1059,A Question of Lust (Minimal),Depeche Mode,,999 RETURNS,2022-02-01
1060,Shooters Inside My Crib,Quavo,,999 RETURNS,2022-02-01
1061,Mahur,Nur Yoldaş,,999 RETURNS,2022-02-01
1062,Flashback (Maaje Remix),Laurent Garnier,,999 RETURNS,2022-02-01
1063,Sick!,Earl Sweatshirt,,999 RETURNS,2022-02-01
1064,Haunted Earth,Infinity Frequencies,,999 RETURNS,2022-02-01
1065,Curimão,Fernando Falcão,,999 RETURNS,2022-02-01
1066,Lookin Exotic,Future,,999 RETURNS,2022-02-01
1067,Isolator,SOSA,,999 RETURNS,2022-02-01
1068,Tunnel Vision,Babyface Ray,,999 RETURNS,2022-02-01
1069,BobbyKennedy,BONES,,999 RETURNS,2022-02-01
1070,Make a Miracle,kiss-O-matic,,999 RETURNS,2022-02-01
1071,Dis Poem '99 (Reel Houze - Da Dub),Mutabaruka,,999 RETURNS,2022-02-01
1072,Oh My Dis Side (feat. Quavo),Travis Scott,,999 RETURNS,2022-02-01
1073,Hotline,Lael Neale,,The New Afternoon Show,2022-02-01
1074,Swish and Spit,Cher Strauberry,Chering is Caring,The New Afternoon Show,2022-02-01
1075,Stolen Jag Off Morgan Ave,S.C.A.B.,,The New Afternoon Show,2022-02-01
1076,Billy Liar,Horsegirl,Matador Records,The New Afternoon Show,2022-02-01
1077,Had 2 Try,Hotline TNT,Nineteen In Love,The New Afternoon Show,2022-02-01
1078,Social Glue,Future Haunts,,The New Afternoon Show,2022-02-01
1079,Let's Pretend We're Not in Love,"The Red's, Pinks and Purples",,The New Afternoon Show,2022-02-01
1080,(Don't) Call Me Out,Bridge Dog,Going South,The New Afternoon Show,2022-02-01
1081,Strawberry Boy,Boy with apple,,The New Afternoon Show,2022-02-01
1082,Nice Boys,Typical Girls,Miata / Nice Boys,The New Afternoon Show,2022-02-01
1083,Vital Points,Kids On A Crime Spree,Fall in Love Not in Live,The New Afternoon Show,2022-02-01
1084,Sheets of Grey,Ducks Ltd.,Carpark,The New Afternoon Show,2022-02-01
1085,Still Young,Jaws the Shark,,The New Afternoon Show,2022-02-01
1086,Beth's Recurring Dream,Cassels,,The New Afternoon Show,2022-02-01
1087,Behind A Bleeding Heart,Catcher,,The New Afternoon Show,2022-02-01
1088,Six Hills,Lewsberg,,The New Afternoon Show,2022-02-01
1089,Clean is Core,Blue bendy,,The New Afternoon Show,2022-02-01
1090,Reading Glasses,"Euroboy, Alicia Breton Ferrer",,The New Afternoon Show,2022-02-01
1091,Sertraline,Clwb Fuzz,Setraline,The New Afternoon Show,2022-02-01
1092,Delirium,Aberdeen,Bliss (Episode Two),The New Afternoon Show,2022-02-01
1093,Julia,Woodlawn,,The New Afternoon Show,2022-02-01
1094,Dance Party,Better Thank This,Deleted Film,The New Afternoon Show,2022-02-01
1095,Oxygen,Beach Bunny,,The New Afternoon Show,2022-02-01
1096,"New York, Paris and London",HighSchool,Forever at Last,The New Afternoon Show,2022-02-01
1097,Higher Than the Sun - Live,Primal Scream,Live at Levitation,The New Afternoon Show,2022-02-01
1098,Grilled Cheese,Cherry Glazerr,Haxel Princess,The New Afternoon Show,2022-02-01
1099,Bleu,"Stripes, Pebble Napkins",Harming,The New Afternoon Show,2022-02-01
1100,Profit or Punk?,Vaguess,,The New Afternoon Show,2022-02-01
1101,Get The Power Back,"Zach Phillips, Christopher Forgues","Feed a Pigeon, Breed a Rat",The New Afternoon Show,2022-02-01
1102,Go Down Softly,Fievel Is Glauque,God's Trashmen Set to Right the Mess,The New Afternoon Show,2022-02-01
1103,System,LIIEK,Deep Pore,The New Afternoon Show,2022-02-01
1104,Sometimes I Forget,Tex Crick,,The New Afternoon Show,2022-02-01
1105,Scarecrows,22° Halo,Garden Bed,The New Afternoon Show,2022-02-01
1106,Library on Shuffle,22° Halo,Garden Bed,The New Afternoon Show,2022-02-01
1107,Be the Hook,Pavement,,The New Afternoon Show,2022-02-01
1108,In & Out,Sonic Youth,,The New Afternoon Show,2022-02-01
1109,Simulation Swarm,Big Thief,Simulation Swarm,The New Afternoon Show,2022-02-01
1110,Post,MOP,5824,The New Afternoon Show,2022-02-01
1111,Why Do You Feel Nothing?,draag Me,I Am Gambling With My Life,The Sound Between,2022-02-01
1112,Fell In Love At 22,Starflyer 52,The Fashion Focus,The Sound Between,2022-02-01
1113,Like the Sun,Tanukichan,Sundays,The Sound Between,2022-02-01
1114,Nothing,The Beautiful Ones,Beautiful Cru,The Sound Between,2022-02-01
1115,Ashtray,Narrow Head,Satisfaction,The Sound Between,2022-02-01
1116,P-Nut Butter Irony,Clams,CLAMS,The Sound Between,2022-02-01
1117,Maura,Wednesday,I Was Trying to Describe You to Someone,The Sound Between,2022-02-01
1118,If You Want It,Jay Som,Anak Ko,The Sound Between,2022-02-01
1119,The Olive Man,Memo Boy,Songs & Demos 2015-2017,The Sound Between,2022-02-01
1120,Lithium,Labyrinth Ear,Oak,The Sound Between,2022-02-01
1121,Marea,Helvetia,Gladness (2001-2006),The Sound Between,2022-02-01
1122,Thin Flesh,Traitrs,Butcher's Coin,The Sound Between,2022-02-01
1123,Destroyer,Ruby Haunt,Nevada,The Sound Between,2022-02-01
1124,Song for an Unborn Sun,Midwife,"Like Author, Like Daughter",The Sound Between,2022-02-01
1125,Bugs & Humans,Provoker,Body Jumper,The Sound Between,2022-02-01
1126,Disorder,Freak Slug,Disorder,The Sound Between,2022-02-01
1127,Control,Pleasure Symbols,Control,The Sound Between,2022-02-01
1128,Exquisite Tension,You'll Never Get to Heaven,Images,The Sound Between,2022-02-01
1129,White Light,You'll Never Get to Heaven,Images,The Sound Between,2022-02-01
1130,Physical,Pretty Sick,Come Down,The Sound Between,2022-02-01
1131,Bent (Roi's Song),DIIV,Is the Is Are,The Sound Between,2022-02-01
1132,through,800 Cherries,Romantico,The Sound Between,2022-02-01
1133,Orange Peeler,Horse Jumper of Love,Horse Jumper of Love,The Sound Between,2022-02-01
1134,Cosmic Hero,Car Seat Headrest,Teens of Denial,The Sound Between,2022-02-01
1135,Songs,Pinkshinyultrablast,Songs,The Sound Between,2022-02-01
1136,Transansen,foodman,Shokuhin,Content With Fractals,2022-02-01
1137,The End of TV,foodman,Shokuhin,Content With Fractals,2022-02-01
1138,Glowing Dome,Brin / Dntel / More Eaze,Glowing Dome,Content With Fractals,2022-02-01
1139,Waver - AV Moves Remix,Brin / Dntel / More Eaze,Glowing Dome,Content With Fractals,2022-02-01
1140,Shy,Beta Librae,Sanguine Bond,Content With Fractals,2022-02-01
1141,Half Moon,Dialect,Keep Going... Under,Content With Fractals,2022-02-01
1142,Music for Nature and The Every Day,Hideki Umezawa,The Feigned Wisdom of Nature,Content With Fractals,2022-02-01
1143,Fourteen 45 Tails,Botany,Fourteen 45 Tails,Content With Fractals,2022-02-01
1144,Plush Hooves,Picnic,Picnic,Content With Fractals,2022-02-01
1145,Elkhorn,Picnic / Haji K.,Picnic,Content With Fractals,2022-02-01
1146,Heavy Clouds Over Shoemaker Marsh,Marsha Fisher,New Ruins,Content With Fractals,2022-02-01
1147,Boden,Haruhisa Tanaka,Reflections,Content With Fractals,2022-02-01
1148,North Wharf,Hirotaka Shirotsubaki,Music for Artificial Island 1989,Content With Fractals,2022-02-01
1149,Moonlight,KENJI KIHARA,Daily Life,Content With Fractals,2022-02-01
1150,Sound Sea Sound Water B,KENJI KIHARA,Sound Sea Sound Water,Content With Fractals,2022-02-01
1151,Pink and Yellow Control Tower Light,KENJI KIHARA,Magic Hour,Content With Fractals,2022-02-01
1152,Hellow Spacey,KENJI KIHARA,Magic Hour,Content With Fractals,2022-02-01
1153,Tugboat,KENJI KIHARA,Magic Hour,Content With Fractals,2022-02-01
1154,CIS5,Bo Khat Eternal Troof Family Band,Ireland,Content With Fractals,2022-02-01
1155,Strong Arm of the Law (live),Mr. Epp and the Calculations,Live as All Get Out,The American Nightmare,2022-02-01
1156,Future Shock,The Gordons,Future Shock,The American Nightmare,2022-02-01
1157,Fashion Tips for the 80s,No Trend,Too Many Humans...,The American Nightmare,2022-02-01
1158,Dear Departed,Spike In Vain,Disease Is Relative,The American Nightmare,2022-02-01
1159,Television,The Kelpies,Flowers From The Dustbin,The American Nightmare,2022-02-01
1160,In Tune With Living,Positive Hatred,Flowers From The Dustbin,The American Nightmare,2022-02-01
1161,Piracy,Queen Anne's Revenge,Flowers From The Dustbin,The American Nightmare,2022-02-01
1162,The Breeding,Gore,A Cruel Peace,The American Nightmare,2022-02-01
1163,Finished Again,Cows,Sorry In Pig Minor,The American Nightmare,2022-02-01
1164,Something I Learned Today,Hüsker Dü,Zen Arcade,The American Nightmare,2022-02-01
1165,The Descent,TODAY IS THE DAY,Sadness Will Prevail,The American Nightmare,2022-02-01
1166,southside johnny,feedtime,feedtime,The American Nightmare,2022-02-01
1167,Adult Living,Slug Guts,Todo Muere Vol. 2,The American Nightmare,2022-02-01
1168,(I'm Gonna Run) To The City of Refuge,Blind Willie Johnson,The Complete Blind Willie Johnson,The American Nightmare,2022-02-01
1169,Release the Bats,The Birthday Party,Junkyard,The American Nightmare,2022-02-01
1170,Junkyard,The Birthday Party,Junkyard,The American Nightmare,2022-02-01
1171,Blundertown,The Birthday Party,Missing Link,The American Nightmare,2022-02-01
1172,A Catholic Skin,The Birthday Party,Hee-Haw,The American Nightmare,2022-02-01
1173,King Ink,The Birthday Party,Prayers on Fire,The American Nightmare,2022-02-01
1174,Death By Drowning,The Birthday Party,Hee-Haw,The American Nightmare,2022-02-01
1175,She's Hit,The Birthday Party,Junkyard,The American Nightmare,2022-02-01
1176,Zoo Music Girl,The Birthday Party,Prayers on Fire,The American Nightmare,2022-02-01
1177,Hamlet (Pow Pow Pow),The Birthday Party,Junkyard,The American Nightmare,2022-02-01
1178,Kiss Me Black,The Birthday Party,Junkyard,The American Nightmare,2022-02-01
1179,The Hair Shirt,The Birthday Party,Hee-Haw,The American Nightmare,2022-02-01
1180,Faint Heart,The Birthday Party,Hee-Haw,The American Nightmare,2022-02-01
1181,Cry,The Birthday Party,Prayers on Fire,The American Nightmare,2022-02-01
1182,Waving My Arms,The Birthday Party,Hee-Haw,The American Nightmare,2022-02-01
